2020-08-04 01:34:55.086286_1:34:55,name 'connection' is not defined
2020-08-04 01:35:00.122735_1:35:0,name 'connection' is not defined
2020-08-04 01:35:28.919032_1:35:28,name 'connection' is not defined
2020-08-04 01:35:33.920685_1:35:33,name 'connection' is not defined
2020-08-04 01:35:38.921926_1:35:38,name 'connection' is not defined
2020-08-04 01:35:43.923159_1:35:43,name 'connection' is not defined
2020-08-04 01:35:48.924470_1:35:48,name 'connection' is not defined
2020-08-04 01:36:31.116496_1:36:31,name 'connection' is not defined
2020-08-04 01:36:36.118263_1:36:36,name 'connection' is not defined
2020-08-04 01:36:41.119341_1:36:41,name 'connection' is not defined
2020-08-04 01:36:46.120176_1:36:46,name 'connection' is not defined
2020-08-04 01:36:51.121160_1:36:51,name 'connection' is not defined
2020-08-04 01:36:56.122224_1:36:56,name 'connection' is not defined
2020-08-04 01:37:01.122838_1:37:1,name 'connection' is not defined
2020-08-04 01:37:06.123851_1:37:6,name 'connection' is not defined
2020-08-04 01:37:11.124997_1:37:11,name 'connection' is not defined
2020-08-04 01:37:16.126319_1:37:16,name 'connection' is not defined
2020-08-04 01:37:21.127479_1:37:21,name 'connection' is not defined
2020-08-04 01:37:26.128443_1:37:26,name 'connection' is not defined
2020-08-04 01:37:31.129510_1:37:31,name 'connection' is not defined
2020-08-04 01:37:36.130714_1:37:36,name 'connection' is not defined
2020-08-04 01:37:41.131393_1:37:41,name 'connection' is not defined
2020-08-04 01:37:46.132576_1:37:46,name 'connection' is not defined
2020-08-04 01:37:51.137925_1:37:51,name 'connection' is not defined
2020-08-04 01:37:56.138995_1:37:56,name 'connection' is not defined
2020-08-04 01:38:01.140182_1:38:1,name 'connection' is not defined
2020-08-04 01:38:06.141618_1:38:6,name 'connection' is not defined
2020-08-04 01:38:11.142555_1:38:11,name 'connection' is not defined
2020-08-04 01:38:16.143500_1:38:16,name 'connection' is not defined
2020-08-04 01:38:21.144460_1:38:21,name 'connection' is not defined
2020-08-04 01:38:26.145469_1:38:26,name 'connection' is not defined
2020-08-04 01:38:31.146144_1:38:31,name 'connection' is not defined
2020-08-04 01:38:36.147295_1:38:36,name 'connection' is not defined
2020-08-04 01:38:41.148263_1:38:41,name 'connection' is not defined
2020-08-04 01:38:46.149312_1:38:46,name 'connection' is not defined
2020-08-04 01:38:51.150188_1:38:51,name 'connection' is not defined
2020-08-04 01:38:56.151043_1:38:56,name 'connection' is not defined
2020-08-04 01:39:01.152917_1:39:1,name 'connection' is not defined
2020-08-04 01:39:08.486882_1:39:8,name 'connection' is not defined
2020-08-04 01:39:13.489081_1:39:13,name 'connection' is not defined
2020-08-04 01:40:24.131782_1:40:24,name 'connection' is not defined
2020-08-04 01:40:29.132875_1:40:29,name 'connection' is not defined
2020-08-04 01:40:34.134082_1:40:34,name 'connection' is not defined
2020-08-04 01:40:39.134891_1:40:39,name 'connection' is not defined
2020-08-04 01:40:44.136121_1:40:44,name 'connection' is not defined
2020-08-04 01:40:49.137130_1:40:49,name 'connection' is not defined
2020-08-04 01:40:54.138057_1:40:54,name 'connection' is not defined
2020-08-04 01:40:59.139325_1:40:59,name 'connection' is not defined
2020-08-04 01:41:04.140532_1:41:4,name 'connection' is not defined
2020-08-04 01:41:09.141724_1:41:9,name 'connection' is not defined
2020-08-04 01:41:14.142845_1:41:14,name 'connection' is not defined
2020-08-04 01:41:19.143792_1:41:19,name 'connection' is not defined
2020-08-04 01:41:24.144537_1:41:24,name 'connection' is not defined
2020-08-04 01:41:29.145419_1:41:29,name 'connection' is not defined
2020-08-04 01:41:34.146504_1:41:34,name 'connection' is not defined
2020-08-04 01:41:39.147529_1:41:39,name 'connection' is not defined
2020-08-04 01:41:44.148471_1:41:44,name 'connection' is not defined
2020-08-04 01:41:49.149510_1:41:49,name 'connection' is not defined
2020-08-04 01:43:17.170227_1:43:17,name 'connection' is not defined
2020-08-04 01:43:22.190840_1:43:22,name 'connection' is not defined
2020-08-04 01:43:27.191676_1:43:27,name 'connection' is not defined
2020-08-04 01:43:32.193189_1:43:32,name 'connection' is not defined
2020-08-04 01:43:37.193817_1:43:37,name 'connection' is not defined
2020-08-04 01:43:42.194718_1:43:42,name 'connection' is not defined
2020-08-04 01:43:47.196081_1:43:47,name 'connection' is not defined
2020-08-04 01:43:52.197240_1:43:52,name 'connection' is not defined
2020-08-04 01:43:57.198535_1:43:57,name 'connection' is not defined
2020-08-04 01:44:02.199603_1:44:2,name 'connection' is not defined
2020-08-04 01:44:07.200306_1:44:7,name 'connection' is not defined
2020-08-04 01:44:12.201287_1:44:12,name 'connection' is not defined
2020-08-04 01:44:17.202458_1:44:17,name 'connection' is not defined
2020-08-04 01:44:22.203307_1:44:22,name 'connection' is not defined
2020-08-04 01:44:27.204509_1:44:27,name 'connection' is not defined
2020-08-04 01:44:32.205449_1:44:32,name 'connection' is not defined
2020-08-04 01:44:37.206374_1:44:37,name 'connection' is not defined
2020-08-04 01:44:42.207108_1:44:42,name 'connection' is not defined
2020-08-04 01:44:47.207879_1:44:47,name 'connection' is not defined
2020-08-04 01:44:52.208951_1:44:52,name 'connection' is not defined
2020-08-04 01:44:57.209908_1:44:57,name 'connection' is not defined
2020-08-04 01:45:02.211277_1:45:2,name 'connection' is not defined
2020-08-04 01:45:07.212229_1:45:7,name 'connection' is not defined
2020-08-04 01:45:12.213205_1:45:12,name 'connection' is not defined
2020-08-04 01:45:17.214135_1:45:17,name 'connection' is not defined
2020-08-04 01:45:22.215267_1:45:22,name 'connection' is not defined
2020-08-04 01:45:27.216343_1:45:27,name 'connection' is not defined
2020-08-04 01:45:32.217077_1:45:32,name 'connection' is not defined
2020-08-04 01:45:37.218165_1:45:37,name 'connection' is not defined
2020-08-04 01:45:42.219021_1:45:42,name 'connection' is not defined
2020-08-04 01:45:47.220104_1:45:47,name 'connection' is not defined
2020-08-04 01:45:52.259537_1:45:52,name 'connection' is not defined
2020-08-04 01:45:57.260623_1:45:57,name 'connection' is not defined
2020-08-04 01:46:10.003116_1:46:10,name 'connection' is not defined
2020-08-04 01:46:15.004911_1:46:15,name 'connection' is not defined
2020-08-04 01:46:20.005658_1:46:20,name 'connection' is not defined
2020-08-04 01:46:25.006397_1:46:25,name 'connection' is not defined
2020-08-04 01:47:24.638192_1:47:24,name 'connection' is not defined
2020-08-04 01:47:29.640306_1:47:29,name 'connection' is not defined
2020-08-04 01:47:34.641211_1:47:34,name 'connection' is not defined
2020-08-04 01:47:39.642163_1:47:39,name 'connection' is not defined
2020-08-04 01:47:44.643049_1:47:44,name 'connection' is not defined
2020-08-04 01:47:49.644450_1:47:49,name 'connection' is not defined
2020-08-04 01:47:54.645757_1:47:54,name 'connection' is not defined
2020-08-04 01:47:59.647171_1:47:59,name 'connection' is not defined
2020-08-04 01:48:04.648162_1:48:4,name 'connection' is not defined
2020-08-04 01:48:09.649277_1:48:9,name 'connection' is not defined
2020-08-04 01:48:14.650122_1:48:14,name 'connection' is not defined
2020-08-04 01:48:19.651140_1:48:19,name 'connection' is not defined
2020-08-04 01:48:24.652025_1:48:24,name 'connection' is not defined
2020-08-04 01:48:29.653153_1:48:29,name 'connection' is not defined
2020-08-04 01:48:34.654021_1:48:34,name 'connection' is not defined
2020-08-04 01:48:39.654950_1:48:39,name 'connection' is not defined
2020-08-04 01:48:44.656020_1:48:44,name 'connection' is not defined
2020-08-04 01:48:49.657138_1:48:49,name 'connection' is not defined
2020-08-04 01:48:54.658053_1:48:54,name 'connection' is not defined
2020-08-04 01:48:59.659013_1:48:59,name 'connection' is not defined
2020-08-04 01:49:04.659872_1:49:4,name 'connection' is not defined
2020-08-04 01:49:09.660752_1:49:9,name 'connection' is not defined
2020-08-04 01:49:14.661799_1:49:14,name 'connection' is not defined
2020-08-04 01:49:19.662667_1:49:19,name 'connection' is not defined
2020-08-04 01:49:24.663956_1:49:24,name 'connection' is not defined
2020-08-04 01:49:29.665167_1:49:29,name 'connection' is not defined
2020-08-04 01:49:34.665794_1:49:34,name 'connection' is not defined
2020-08-04 01:49:39.666518_1:49:39,name 'connection' is not defined
2020-08-04 01:49:44.667671_1:49:44,name 'connection' is not defined
2020-08-04 01:49:49.668489_1:49:49,name 'connection' is not defined
2020-08-04 01:49:54.669144_1:49:54,name 'connection' is not defined
2020-08-04 01:49:59.670047_1:49:59,name 'connection' is not defined
2020-08-04 01:50:04.671283_1:50:4,name 'connection' is not defined
2020-08-04 01:50:09.672330_1:50:9,name 'connection' is not defined
2020-08-04 01:50:14.673523_1:50:14,name 'connection' is not defined
2020-08-04 01:50:19.674311_1:50:19,name 'connection' is not defined
2020-08-04 01:50:24.675195_1:50:24,name 'connection' is not defined
2020-08-04 01:50:29.676033_1:50:29,name 'connection' is not defined
2020-08-04 01:50:34.677299_1:50:34,name 'connection' is not defined
2020-08-04 01:50:39.678328_1:50:39,name 'connection' is not defined
2020-08-04 01:50:44.679076_1:50:44,name 'connection' is not defined
2020-08-04 01:50:49.679829_1:50:49,name 'connection' is not defined
2020-08-04 01:50:54.680508_1:50:54,name 'connection' is not defined
2020-08-04 01:50:59.681722_1:50:59,name 'connection' is not defined
2020-08-04 01:51:04.682665_1:51:4,name 'connection' is not defined
2020-08-04 01:51:09.683880_1:51:9,name 'connection' is not defined
2020-08-04 01:51:14.685138_1:51:14,name 'connection' is not defined
2020-08-04 01:51:19.685968_1:51:19,name 'connection' is not defined
2020-08-04 01:51:24.686948_1:51:24,name 'connection' is not defined
2020-08-04 01:51:29.687905_1:51:29,name 'connection' is not defined
2020-08-04 01:51:34.689038_1:51:34,name 'connection' is not defined
2020-08-04 01:51:39.690190_1:51:39,name 'connection' is not defined
2020-08-04 01:51:44.691118_1:51:44,name 'connection' is not defined
2020-08-04 01:51:49.692503_1:51:49,name 'connection' is not defined
2020-08-04 01:51:54.693688_1:51:54,name 'connection' is not defined
2020-08-04 01:51:59.694540_1:51:59,name 'connection' is not defined
2020-08-04 01:52:04.695916_1:52:4,name 'connection' is not defined
2020-08-04 01:52:09.697085_1:52:9,name 'connection' is not defined
2020-08-04 01:52:14.698273_1:52:14,name 'connection' is not defined
2020-08-04 01:52:19.699542_1:52:19,name 'connection' is not defined
2020-08-04 01:52:24.700456_1:52:24,name 'connection' is not defined
2020-08-04 01:52:29.701528_1:52:29,name 'connection' is not defined
2020-08-04 01:52:34.702376_1:52:34,name 'connection' is not defined
2020-08-04 01:52:39.703122_1:52:39,name 'connection' is not defined
2020-08-04 01:52:44.704253_1:52:44,name 'connection' is not defined
2020-08-04 01:52:49.705488_1:52:49,name 'connection' is not defined
2020-08-04 01:52:54.706590_1:52:54,name 'connection' is not defined
2020-08-04 01:52:59.707587_1:52:59,name 'connection' is not defined
2020-08-04 01:53:04.708519_1:53:4,name 'connection' is not defined
2020-08-04 01:53:09.709615_1:53:9,name 'connection' is not defined
2020-08-04 01:53:14.710497_1:53:14,name 'connection' is not defined
2020-08-04 01:53:19.711455_1:53:19,name 'connection' is not defined
2020-08-04 01:53:24.712008_1:53:24,name 'connection' is not defined
2020-08-04 01:53:29.712867_1:53:29,name 'connection' is not defined
2020-08-04 01:53:34.877090_1:53:34,name 'connection' is not defined
2020-08-04 01:53:39.878290_1:53:39,name 'connection' is not defined
2020-08-04 01:53:44.879553_1:53:44,name 'connection' is not defined
2020-08-04 01:53:49.880630_1:53:49,name 'connection' is not defined
2020-08-04 01:53:54.881398_1:53:54,name 'connection' is not defined
2020-08-04 01:53:59.882245_1:53:59,name 'connection' is not defined
2020-08-04 01:54:04.883240_1:54:4,name 'connection' is not defined
2020-08-04 01:54:09.884472_1:54:9,name 'connection' is not defined
2020-08-04 01:54:14.885507_1:54:14,name 'connection' is not defined
2020-08-04 01:54:19.886260_1:54:19,name 'connection' is not defined
2020-08-04 01:54:24.886813_1:54:24,name 'connection' is not defined
2020-08-04 01:54:29.887520_1:54:29,name 'connection' is not defined
2020-08-04 01:54:34.888230_1:54:34,name 'connection' is not defined
2020-08-04 01:54:39.889271_1:54:39,name 'connection' is not defined
2020-08-04 01:54:44.890040_1:54:44,name 'connection' is not defined
2020-08-04 01:54:49.890820_1:54:49,name 'connection' is not defined
2020-08-04 01:54:54.891667_1:54:54,name 'connection' is not defined
2020-08-04 01:54:59.934296_1:54:59,name 'connection' is not defined
2020-08-04 01:55:04.935286_1:55:4,name 'connection' is not defined
2020-08-04 01:55:09.936536_1:55:9,name 'connection' is not defined
2020-08-04 01:55:14.937501_1:55:14,name 'connection' is not defined
2020-08-04 01:55:19.938455_1:55:19,name 'connection' is not defined
2020-08-04 01:55:24.939250_1:55:24,name 'connection' is not defined
2020-08-04 01:55:29.940732_1:55:29,name 'connection' is not defined
2020-08-04 01:55:34.942007_1:55:34,name 'connection' is not defined
2020-08-04 01:55:39.943100_1:55:39,name 'connection' is not defined
2020-08-04 01:55:44.944035_1:55:44,name 'connection' is not defined
2020-08-04 01:55:49.945060_1:55:49,name 'connection' is not defined
2020-08-04 01:55:54.946062_1:55:54,name 'connection' is not defined
2020-08-04 01:55:59.947237_1:55:59,name 'connection' is not defined
2020-08-04 01:56:04.948120_1:56:4,name 'connection' is not defined
2020-08-04 01:56:09.949028_1:56:9,name 'connection' is not defined
2020-08-04 01:56:14.949776_1:56:14,name 'connection' is not defined
2020-08-04 01:56:19.999283_1:56:19,name 'connection' is not defined
2020-08-04 01:56:25.000201_1:56:25,name 'connection' is not defined
2020-08-04 01:56:30.008993_1:56:30,name 'connection' is not defined
2020-08-04 01:56:35.009822_1:56:35,name 'connection' is not defined
2020-08-04 01:56:40.010613_1:56:40,name 'connection' is not defined
2020-08-04 01:56:45.011441_1:56:45,name 'connection' is not defined
2020-08-04 01:56:50.012290_1:56:50,name 'connection' is not defined
2020-08-04 01:56:55.013141_1:56:55,name 'connection' is not defined
2020-08-04 01:57:00.014243_1:57:0,name 'connection' is not defined
2020-08-04 01:57:05.015074_1:57:5,name 'connection' is not defined
2020-08-04 01:57:10.016136_1:57:10,name 'connection' is not defined
2020-08-04 01:57:15.017381_1:57:15,name 'connection' is not defined
2020-08-04 01:57:20.019072_1:57:20,name 'connection' is not defined
2020-08-04 01:57:25.020500_1:57:25,name 'connection' is not defined
2020-08-04 01:57:30.021305_1:57:30,name 'connection' is not defined
2020-08-04 01:57:35.022359_1:57:35,name 'connection' is not defined
2020-08-04 01:57:40.023107_1:57:40,name 'connection' is not defined
2020-08-04 01:57:45.024541_1:57:45,name 'connection' is not defined
2020-08-04 01:57:50.025100_1:57:50,name 'connection' is not defined
2020-08-04 01:57:55.026072_1:57:55,name 'connection' is not defined
2020-08-04 01:58:00.027581_1:58:0,name 'connection' is not defined
2020-08-04 01:58:05.028634_1:58:5,name 'connection' is not defined
2020-08-04 01:58:10.029558_1:58:10,name 'connection' is not defined
2020-08-04 01:58:15.030622_1:58:15,name 'connection' is not defined
2020-08-04 01:58:20.031649_1:58:20,name 'connection' is not defined
2020-08-04 01:58:25.032960_1:58:25,name 'connection' is not defined
2020-08-04 01:58:30.034275_1:58:30,name 'connection' is not defined
2020-08-04 01:58:35.035532_1:58:35,name 'connection' is not defined
2020-08-04 01:58:40.036752_1:58:40,name 'connection' is not defined
2020-08-04 01:58:45.038046_1:58:45,name 'connection' is not defined
2020-08-04 01:58:50.039181_1:58:50,name 'connection' is not defined
2020-08-04 01:58:55.040168_1:58:55,name 'connection' is not defined
2020-08-04 01:59:00.041245_1:59:0,name 'connection' is not defined
2020-08-04 01:59:05.042698_1:59:5,name 'connection' is not defined
2020-08-04 01:59:10.043596_1:59:10,name 'connection' is not defined
2020-08-04 01:59:15.044295_1:59:15,name 'connection' is not defined
2020-08-04 01:59:20.045886_1:59:20,name 'connection' is not defined
2020-08-04 01:59:25.046722_1:59:25,name 'connection' is not defined
2020-08-04 01:59:30.047772_1:59:30,name 'connection' is not defined
2020-08-04 01:59:35.048442_1:59:35,name 'connection' is not defined
2020-08-04 01:59:40.049422_1:59:40,name 'connection' is not defined
2020-08-04 01:59:45.050033_1:59:45,name 'connection' is not defined
2020-08-04 01:59:50.050967_1:59:50,name 'connection' is not defined
2020-08-04 01:59:55.083386_1:59:55,name 'connection' is not defined
2020-08-04 02:00:00.084194_2:0:0,name 'connection' is not defined
2020-08-04 02:00:05.085651_2:0:5,name 'connection' is not defined
2020-08-04 02:00:10.086760_2:0:10,name 'connection' is not defined
2020-08-04 02:00:15.088804_2:0:15,name 'connection' is not defined
2020-08-04 02:00:20.089761_2:0:20,name 'connection' is not defined
2020-08-04 02:00:25.090763_2:0:25,name 'connection' is not defined
2020-08-04 02:00:30.092023_2:0:30,name 'connection' is not defined
2020-08-04 02:00:35.093138_2:0:35,name 'connection' is not defined
2020-08-04 02:00:40.094083_2:0:40,name 'connection' is not defined
2020-08-04 02:00:45.109169_2:0:45,name 'connection' is not defined
2020-08-04 02:00:50.110206_2:0:50,name 'connection' is not defined
2020-08-04 02:00:55.111447_2:0:55,name 'connection' is not defined
2020-08-04 02:01:00.112534_2:1:0,name 'connection' is not defined
2020-08-04 02:01:05.113670_2:1:5,name 'connection' is not defined
2020-08-04 02:01:10.114853_2:1:10,name 'connection' is not defined
2020-08-04 02:01:15.116033_2:1:15,name 'connection' is not defined
2020-08-04 02:01:20.116937_2:1:20,name 'connection' is not defined
2020-08-04 02:01:25.118117_2:1:25,name 'connection' is not defined
2020-08-04 02:01:30.118906_2:1:30,name 'connection' is not defined
2020-08-04 02:01:35.120036_2:1:35,name 'connection' is not defined
2020-08-04 02:01:40.121113_2:1:40,name 'connection' is not defined
2020-08-04 02:01:45.121887_2:1:45,name 'connection' is not defined
2020-08-04 02:01:50.122598_2:1:50,name 'connection' is not defined
2020-08-04 02:01:55.123132_2:1:55,name 'connection' is not defined
2020-08-04 02:02:00.123989_2:2:0,name 'connection' is not defined
2020-08-04 02:02:05.124804_2:2:5,name 'connection' is not defined
2020-08-04 02:02:10.125524_2:2:10,name 'connection' is not defined
2020-08-04 02:02:15.126497_2:2:15,name 'connection' is not defined
2020-08-04 02:02:20.127475_2:2:20,name 'connection' is not defined
2020-08-04 02:02:25.128376_2:2:25,name 'connection' is not defined
2020-08-04 02:02:30.129172_2:2:30,name 'connection' is not defined
2020-08-04 02:02:35.130289_2:2:35,name 'connection' is not defined
2020-08-04 02:02:40.131651_2:2:40,name 'connection' is not defined
2020-08-04 02:02:45.132863_2:2:45,name 'connection' is not defined
2020-08-04 02:02:50.133746_2:2:50,name 'connection' is not defined
2020-08-04 02:02:55.134713_2:2:55,name 'connection' is not defined
2020-08-04 02:03:00.135477_2:3:0,name 'connection' is not defined
2020-08-04 02:03:05.136659_2:3:5,name 'connection' is not defined
2020-08-04 02:03:10.137528_2:3:10,name 'connection' is not defined
2020-08-04 02:03:15.138868_2:3:15,name 'connection' is not defined
2020-08-04 02:03:20.139741_2:3:20,name 'connection' is not defined
2020-08-04 02:03:25.140431_2:3:25,name 'connection' is not defined
2020-08-04 02:03:30.141193_2:3:30,name 'connection' is not defined
2020-08-04 02:03:35.142283_2:3:35,name 'connection' is not defined
2020-08-04 02:03:40.182896_2:3:40,name 'connection' is not defined
2020-08-04 02:03:45.183878_2:3:45,name 'connection' is not defined
2020-08-04 02:03:50.184547_2:3:50,name 'connection' is not defined
2020-08-04 02:03:55.185634_2:3:55,name 'connection' is not defined
2020-08-04 02:04:00.186743_2:4:0,name 'connection' is not defined
2020-08-04 02:04:05.187628_2:4:5,name 'connection' is not defined
2020-08-04 02:04:10.188282_2:4:10,name 'connection' is not defined
2020-08-04 02:04:15.189485_2:4:15,name 'connection' is not defined
2020-08-04 02:04:20.190628_2:4:20,name 'connection' is not defined
2020-08-04 02:04:25.191934_2:4:25,name 'connection' is not defined
2020-08-04 02:04:30.192917_2:4:30,name 'connection' is not defined
2020-08-04 02:04:35.193908_2:4:35,name 'connection' is not defined
2020-08-04 02:04:40.194503_2:4:40,name 'connection' is not defined
2020-08-04 02:04:45.195503_2:4:45,name 'connection' is not defined
2020-08-04 02:04:50.196819_2:4:50,name 'connection' is not defined
2020-08-04 02:04:55.197584_2:4:55,name 'connection' is not defined
2020-08-04 02:05:00.198892_2:5:0,name 'connection' is not defined
2020-08-04 02:05:05.199718_2:5:5,name 'connection' is not defined
2020-08-04 02:05:10.200934_2:5:10,name 'connection' is not defined
2020-08-04 02:05:15.202168_2:5:15,name 'connection' is not defined
2020-08-04 02:05:20.203296_2:5:20,name 'connection' is not defined
2020-08-04 02:05:25.204449_2:5:25,name 'connection' is not defined
2020-08-04 02:05:30.205570_2:5:30,name 'connection' is not defined
2020-08-04 02:05:35.206653_2:5:35,name 'connection' is not defined
2020-08-04 02:05:40.207492_2:5:40,name 'connection' is not defined
2020-08-04 02:05:45.208140_2:5:45,name 'connection' is not defined
2020-08-04 02:05:50.208977_2:5:50,name 'connection' is not defined
2020-08-04 02:05:55.209883_2:5:55,name 'connection' is not defined
2020-08-04 02:06:00.210729_2:6:0,name 'connection' is not defined
2020-08-04 02:06:05.211305_2:6:5,name 'connection' is not defined
2020-08-04 02:06:10.212455_2:6:10,name 'connection' is not defined
2020-08-04 02:06:15.213262_2:6:15,name 'connection' is not defined
2020-08-04 02:06:20.214066_2:6:20,name 'connection' is not defined
2020-08-04 02:06:25.214916_2:6:25,name 'connection' is not defined
2020-08-04 02:06:30.215860_2:6:30,name 'connection' is not defined
2020-08-04 02:06:35.216938_2:6:35,name 'connection' is not defined
2020-08-04 02:06:40.217814_2:6:40,name 'connection' is not defined
2020-08-04 02:06:45.219479_2:6:45,name 'connection' is not defined
2020-08-04 02:06:50.220520_2:6:50,name 'connection' is not defined
2020-08-04 02:06:55.221393_2:6:55,name 'connection' is not defined
2020-08-04 02:07:00.222143_2:7:0,name 'connection' is not defined
2020-08-04 02:07:05.268690_2:7:5,name 'connection' is not defined
2020-08-04 02:07:10.270144_2:7:10,name 'connection' is not defined
2020-08-04 02:07:15.270880_2:7:15,name 'connection' is not defined
2020-08-04 02:07:20.271843_2:7:20,name 'connection' is not defined
2020-08-04 02:07:25.272646_2:7:25,name 'connection' is not defined
2020-08-04 02:07:30.273286_2:7:30,name 'connection' is not defined
2020-08-04 02:07:35.274184_2:7:35,name 'connection' is not defined
2020-08-04 02:07:40.274978_2:7:40,name 'connection' is not defined
2020-08-04 02:07:45.275600_2:7:45,name 'connection' is not defined
2020-08-04 02:07:50.276809_2:7:50,name 'connection' is not defined
2020-08-04 02:07:55.277546_2:7:55,name 'connection' is not defined
2020-08-04 02:08:00.278391_2:8:0,name 'connection' is not defined
2020-08-04 02:08:05.279206_2:8:5,name 'connection' is not defined
2020-08-04 02:08:10.280103_2:8:10,name 'connection' is not defined
2020-08-04 02:08:15.281221_2:8:15,name 'connection' is not defined
2020-08-04 02:08:20.281887_2:8:20,name 'connection' is not defined
2020-08-04 02:08:25.283069_2:8:25,name 'connection' is not defined
2020-08-04 02:08:30.283727_2:8:30,name 'connection' is not defined
2020-08-04 02:08:35.284793_2:8:35,name 'connection' is not defined
2020-08-04 02:08:40.285389_2:8:40,name 'connection' is not defined
2020-08-04 02:08:45.286238_2:8:45,name 'connection' is not defined
2020-08-04 02:08:50.286982_2:8:50,name 'connection' is not defined
2020-08-04 02:08:55.305084_2:8:55,name 'connection' is not defined
2020-08-04 02:09:00.305955_2:9:0,name 'connection' is not defined
2020-08-04 02:09:05.306681_2:9:5,name 'connection' is not defined
2020-08-04 02:09:10.307752_2:9:10,name 'connection' is not defined
2020-08-04 02:09:15.308857_2:9:15,name 'connection' is not defined
2020-08-04 02:09:20.309792_2:9:20,name 'connection' is not defined
2020-08-04 02:09:25.310596_2:9:25,name 'connection' is not defined
2020-08-04 02:09:30.311733_2:9:30,name 'connection' is not defined
2020-08-04 02:09:35.312563_2:9:35,name 'connection' is not defined
2020-08-04 02:09:40.313202_2:9:40,name 'connection' is not defined
2020-08-04 02:09:45.314208_2:9:45,name 'connection' is not defined
2020-08-04 02:09:50.315441_2:9:50,name 'connection' is not defined
2020-08-04 02:09:55.316468_2:9:55,name 'connection' is not defined
2020-08-04 02:10:00.317578_2:10:0,name 'connection' is not defined
2020-08-04 02:10:05.318771_2:10:5,name 'connection' is not defined
2020-08-04 02:10:10.319489_2:10:10,name 'connection' is not defined
2020-08-04 02:10:15.320244_2:10:15,name 'connection' is not defined
2020-08-04 02:10:20.321680_2:10:20,name 'connection' is not defined
2020-08-04 02:10:25.322647_2:10:25,name 'connection' is not defined
2020-08-04 02:10:30.323665_2:10:30,name 'connection' is not defined
2020-08-04 02:10:35.324635_2:10:35,name 'connection' is not defined
2020-08-04 02:10:40.325508_2:10:40,name 'connection' is not defined
2020-08-04 02:10:45.326442_2:10:45,name 'connection' is not defined
2020-08-04 02:10:50.327276_2:10:50,name 'connection' is not defined
2020-08-04 02:10:55.328174_2:10:55,name 'connection' is not defined
2020-08-04 02:11:00.329539_2:11:0,name 'connection' is not defined
2020-08-04 02:11:05.330691_2:11:5,name 'connection' is not defined
2020-08-04 02:11:10.331630_2:11:10,name 'connection' is not defined
2020-08-04 02:11:15.332514_2:11:15,name 'connection' is not defined
2020-08-04 02:11:20.333828_2:11:20,name 'connection' is not defined
2020-08-04 02:11:25.334844_2:11:25,name 'connection' is not defined
2020-08-04 02:11:30.335923_2:11:30,name 'connection' is not defined
2020-08-04 02:11:35.336987_2:11:35,name 'connection' is not defined
2020-08-04 02:11:40.338291_2:11:40,name 'connection' is not defined
2020-08-04 02:11:45.339464_2:11:45,name 'connection' is not defined
2020-08-04 02:11:50.340443_2:11:50,name 'connection' is not defined
2020-08-04 02:11:55.341283_2:11:55,name 'connection' is not defined
2020-08-04 02:12:00.342194_2:12:0,name 'connection' is not defined
2020-08-04 02:12:05.343095_2:12:5,name 'connection' is not defined
2020-08-04 02:12:10.343780_2:12:10,name 'connection' is not defined
2020-08-04 02:12:15.344679_2:12:15,name 'connection' is not defined
2020-08-04 02:12:20.345790_2:12:20,name 'connection' is not defined
2020-08-04 02:12:25.346629_2:12:25,name 'connection' is not defined
2020-08-04 02:12:30.347666_2:12:30,name 'connection' is not defined
2020-08-04 02:12:35.348699_2:12:35,name 'connection' is not defined
2020-08-04 02:12:40.349983_2:12:40,name 'connection' is not defined
2020-08-04 02:12:45.351055_2:12:45,name 'connection' is not defined
2020-08-04 02:12:50.352059_2:12:50,name 'connection' is not defined
2020-08-04 02:12:55.353611_2:12:55,name 'connection' is not defined
2020-08-04 02:13:00.355041_2:13:0,name 'connection' is not defined
2020-08-04 02:13:05.356873_2:13:5,name 'connection' is not defined
2020-08-04 02:13:24.131126_2:13:24,name 'connection' is not defined
2020-08-04 02:13:29.132452_2:13:29,name 'connection' is not defined
2020-08-04 02:13:34.133536_2:13:34,name 'connection' is not defined
2020-08-04 02:13:39.135241_2:13:39,name 'connection' is not defined
2020-08-04 02:19:19.911366_2:19:19,name 'connection' is not defined
2020-08-04 02:19:24.951480_2:19:24,name 'connection' is not defined
2020-08-04 02:19:29.953209_2:19:29,name 'connection' is not defined
2020-08-04 02:19:34.954813_2:19:34,name 'connection' is not defined
2020-08-04 02:19:39.956097_2:19:39,name 'connection' is not defined
2020-08-04 02:19:44.957093_2:19:44,name 'connection' is not defined
2020-08-04 02:19:49.958335_2:19:49,name 'connection' is not defined
2020-08-04 02:19:58.100448_2:19:58,name 'connection' is not defined
2020-08-04 02:20:03.101735_2:20:3,name 'connection' is not defined
2020-08-04 02:20:08.103009_2:20:8,name 'connection' is not defined
2020-08-04 02:20:13.103901_2:20:13,name 'connection' is not defined
2020-08-04 02:20:18.106007_2:20:18,name 'connection' is not defined
2020-08-04 02:20:23.107382_2:20:23,name 'connection' is not defined
2020-08-04 02:20:28.108862_2:20:28,name 'connection' is not defined
2020-08-04 02:20:33.109485_2:20:33,name 'connection' is not defined
2020-08-04 02:20:42.496763_2:20:42,name 'connection' is not defined
2020-08-04 02:20:47.498212_2:20:47,name 'connection' is not defined
2020-08-04 02:20:52.498978_2:20:52,name 'connection' is not defined
2020-08-04 02:20:57.500057_2:20:57,name 'connection' is not defined
2020-08-04 02:21:02.500923_2:21:2,name 'connection' is not defined
2020-08-04 02:21:07.502249_2:21:7,name 'connection' is not defined
2020-08-04 02:21:12.503498_2:21:12,name 'connection' is not defined
2020-08-04 02:21:17.504915_2:21:17,name 'connection' is not defined
2020-08-04 02:21:22.505805_2:21:22,name 'connection' is not defined
2020-08-04 02:21:27.506653_2:21:27,name 'connection' is not defined
2020-08-04 02:21:32.507906_2:21:32,name 'connection' is not defined
2020-08-04 02:21:37.509091_2:21:37,name 'connection' is not defined
2020-08-04 02:21:42.510866_2:21:42,name 'connection' is not defined
2020-08-04 02:21:47.511587_2:21:47,name 'connection' is not defined
2020-08-04 02:21:52.512984_2:21:52,name 'connection' is not defined
2020-08-04 02:21:57.514250_2:21:57,name 'connection' is not defined
2020-08-04 02:22:02.515098_2:22:2,name 'connection' is not defined
2020-08-04 02:22:07.516304_2:22:7,name 'connection' is not defined
2020-08-04 02:22:12.518115_2:22:12,name 'connection' is not defined
2020-08-04 02:22:17.519923_2:22:17,name 'connection' is not defined
2020-08-04 02:22:22.521178_2:22:22,name 'connection' is not defined
2020-08-04 02:22:27.521898_2:22:27,name 'connection' is not defined
2020-08-04 02:22:32.523300_2:22:32,name 'connection' is not defined
2020-08-04 02:22:37.525327_2:22:37,name 'connection' is not defined
2020-08-04 02:22:42.526431_2:22:42,name 'connection' is not defined
2020-08-04 02:22:47.527214_2:22:47,name 'connection' is not defined
2020-08-04 02:22:52.528174_2:22:52,name 'connection' is not defined
2020-08-04 02:22:57.529138_2:22:57,name 'connection' is not defined
2020-08-04 02:23:02.530064_2:23:2,name 'connection' is not defined
2020-08-04 02:23:07.531184_2:23:7,name 'connection' is not defined
2020-08-04 02:23:12.532414_2:23:12,name 'connection' is not defined
2020-08-04 02:23:17.533344_2:23:17,name 'connection' is not defined
2020-08-04 02:23:22.534055_2:23:22,name 'connection' is not defined
2020-08-04 02:23:27.534631_2:23:27,name 'connection' is not defined
2020-08-04 02:23:32.535821_2:23:32,name 'connection' is not defined
2020-08-04 02:23:37.536622_2:23:37,name 'connection' is not defined
2020-08-04 02:23:42.537892_2:23:42,name 'connection' is not defined
2020-08-04 02:23:47.538964_2:23:47,name 'connection' is not defined
2020-08-04 02:23:52.539855_2:23:52,name 'connection' is not defined
2020-08-04 02:23:57.540444_2:23:57,name 'connection' is not defined
2020-08-04 02:24:02.541274_2:24:2,name 'connection' is not defined
2020-08-04 02:24:07.542049_2:24:7,name 'connection' is not defined
2020-08-04 02:24:12.542960_2:24:12,name 'connection' is not defined
2020-08-04 02:24:17.544096_2:24:17,name 'connection' is not defined
2020-08-04 02:24:22.545783_2:24:22,name 'connection' is not defined
2020-08-04 02:24:27.546877_2:24:27,name 'connection' is not defined
2020-08-04 02:24:32.547938_2:24:32,name 'connection' is not defined
2020-08-04 02:24:37.549065_2:24:37,name 'connection' is not defined
2020-08-04 02:24:42.549885_2:24:42,name 'connection' is not defined
2020-08-04 02:24:47.551288_2:24:47,name 'connection' is not defined
2020-08-04 02:24:52.552459_2:24:52,name 'connection' is not defined
2020-08-04 02:24:57.553447_2:24:57,name 'connection' is not defined
2020-08-04 02:25:02.554745_2:25:2,name 'connection' is not defined
2020-08-04 02:25:07.555972_2:25:7,name 'connection' is not defined
2020-08-04 02:25:12.557052_2:25:12,name 'connection' is not defined
2020-08-04 02:25:17.558239_2:25:17,name 'connection' is not defined
2020-08-04 02:25:22.559196_2:25:22,name 'connection' is not defined
2020-08-04 02:25:27.560440_2:25:27,name 'connection' is not defined
2020-08-04 02:25:32.561983_2:25:32,name 'connection' is not defined
2020-08-04 02:25:37.563862_2:25:37,name 'connection' is not defined
2020-08-04 02:25:42.565970_2:25:42,name 'connection' is not defined
2020-08-04 02:25:47.566818_2:25:47,name 'connection' is not defined
2020-08-04 02:25:52.567688_2:25:52,name 'connection' is not defined
2020-08-04 02:25:57.568759_2:25:57,name 'connection' is not defined
2020-08-04 02:26:02.569974_2:26:2,name 'connection' is not defined
2020-08-04 02:26:07.571173_2:26:7,name 'connection' is not defined
2020-08-04 02:26:12.572117_2:26:12,name 'connection' is not defined
2020-08-04 02:26:17.573247_2:26:17,name 'connection' is not defined
2020-08-04 02:26:22.574473_2:26:22,name 'connection' is not defined
2020-08-04 02:26:27.575540_2:26:27,name 'connection' is not defined
2020-08-04 02:26:32.576622_2:26:32,name 'connection' is not defined
2020-08-04 02:26:37.577522_2:26:37,name 'connection' is not defined
2020-08-04 02:26:42.579249_2:26:42,name 'connection' is not defined
2020-08-04 02:26:47.580563_2:26:47,name 'connection' is not defined
2020-08-04 02:26:52.581156_2:26:52,name 'connection' is not defined
2020-08-04 02:27:10.051465_2:27:10,name 'connection' is not defined
2020-08-04 02:27:15.052458_2:27:15,name 'connection' is not defined
2020-08-04 02:27:20.053431_2:27:20,name 'connection' is not defined
2020-08-04 02:27:25.054399_2:27:25,name 'connection' is not defined
2020-08-04 02:27:30.055331_2:27:30,name 'connection' is not defined
2020-08-04 02:27:35.056834_2:27:35,name 'connection' is not defined
2020-08-04 02:27:40.057977_2:27:40,name 'connection' is not defined
2020-08-04 02:27:45.058975_2:27:45,name 'connection' is not defined
2020-08-04 02:27:50.059628_2:27:50,name 'connection' is not defined
2020-08-04 02:27:55.060572_2:27:55,name 'connection' is not defined
2020-08-04 02:28:00.061622_2:28:0,name 'connection' is not defined
2020-08-04 02:28:05.063002_2:28:5,name 'connection' is not defined
2020-08-04 02:33:07.020278_2:33:7,name 'connection' is not defined
2020-08-04 02:33:12.033983_2:33:12,name 'connection' is not defined
2020-08-04 02:33:17.034489_2:33:17,name 'connection' is not defined
2020-08-04 02:33:22.035452_2:33:22,name 'connection' is not defined
2020-08-04 02:33:27.036056_2:33:27,name 'connection' is not defined
2020-08-04 02:33:32.036594_2:33:32,name 'connection' is not defined
2020-08-04 02:33:37.037455_2:33:37,name 'connection' is not defined
2020-08-04 02:33:42.038137_2:33:42,name 'connection' is not defined
2020-08-04 02:33:47.038707_2:33:47,name 'connection' is not defined
2020-08-04 02:33:52.039271_2:33:52,name 'connection' is not defined
2020-08-04 02:33:57.040042_2:33:57,name 'connection' is not defined
2020-08-04 02:34:02.040727_2:34:2,name 'connection' is not defined
2020-08-04 02:34:07.041468_2:34:7,name 'connection' is not defined
2020-08-04 02:34:12.042160_2:34:12,name 'connection' is not defined
2020-08-04 02:34:17.042906_2:34:17,name 'connection' is not defined
2020-08-04 02:34:22.043621_2:34:22,name 'connection' is not defined
2020-08-04 02:34:27.044293_2:34:27,name 'connection' is not defined
2020-08-04 02:34:32.044886_2:34:32,name 'connection' is not defined
2020-08-04 02:34:37.045763_2:34:37,name 'connection' is not defined
2020-08-04 02:34:42.046539_2:34:42,name 'connection' is not defined
2020-08-04 02:34:47.048388_2:34:47,name 'connection' is not defined
2020-08-04 02:34:52.049394_2:34:52,name 'connection' is not defined
2020-08-04 02:34:57.050089_2:34:57,name 'connection' is not defined
2020-08-04 02:35:02.050705_2:35:2,name 'connection' is not defined
2020-08-04 02:35:07.051442_2:35:7,name 'connection' is not defined
2020-08-04 02:35:12.052106_2:35:12,name 'connection' is not defined
2020-08-04 02:35:17.052755_2:35:17,name 'connection' is not defined
2020-08-04 02:35:22.053613_2:35:22,name 'connection' is not defined
2020-08-04 02:35:27.054205_2:35:27,name 'connection' is not defined
2020-08-04 02:35:32.055082_2:35:32,name 'connection' is not defined
2020-08-04 02:35:37.055770_2:35:37,name 'connection' is not defined
2020-08-04 02:35:42.056431_2:35:42,name 'connection' is not defined
2020-08-04 02:35:47.057026_2:35:47,name 'connection' is not defined
2020-08-04 02:35:52.057781_2:35:52,name 'connection' is not defined
2020-08-04 02:35:57.059297_2:35:57,name 'connection' is not defined
2020-08-04 02:36:02.059918_2:36:2,name 'connection' is not defined
2020-08-04 02:36:07.060962_2:36:7,name 'connection' is not defined
2020-08-04 02:36:12.061883_2:36:12,name 'connection' is not defined
2020-08-04 02:36:17.062627_2:36:17,name 'connection' is not defined
2020-08-04 02:36:22.063208_2:36:22,name 'connection' is not defined
2020-08-04 02:36:27.063949_2:36:27,name 'connection' is not defined
2020-08-04 02:36:32.064558_2:36:32,name 'connection' is not defined
2020-08-04 02:36:37.065526_2:36:37,name 'connection' is not defined
2020-08-04 02:36:42.066646_2:36:42,name 'connection' is not defined
2020-08-04 02:36:47.067247_2:36:47,name 'connection' is not defined
2020-08-04 02:36:52.068337_2:36:52,name 'connection' is not defined
2020-08-04 02:36:57.069047_2:36:57,name 'connection' is not defined
2020-08-04 02:37:02.069662_2:37:2,name 'connection' is not defined
2020-08-04 02:37:07.070298_2:37:7,name 'connection' is not defined
2020-08-04 02:37:12.090192_2:37:12,name 'connection' is not defined
2020-08-04 02:37:17.090774_2:37:17,name 'connection' is not defined
2020-08-04 02:37:22.091615_2:37:22,name 'connection' is not defined
2020-08-04 02:37:27.092344_2:37:27,name 'connection' is not defined
2020-08-04 02:37:32.093189_2:37:32,name 'connection' is not defined
2020-08-04 02:37:37.093692_2:37:37,name 'connection' is not defined
2020-08-04 02:37:42.094308_2:37:42,name 'connection' is not defined
2020-08-04 02:37:47.094952_2:37:47,name 'connection' is not defined
2020-08-04 02:37:52.095502_2:37:52,name 'connection' is not defined
2020-08-04 02:37:57.096392_2:37:57,name 'connection' is not defined
2020-08-04 02:38:02.097006_2:38:2,name 'connection' is not defined
2020-08-04 02:38:07.097559_2:38:7,name 'connection' is not defined
2020-08-04 02:38:12.098133_2:38:12,name 'connection' is not defined
2020-08-04 02:38:17.098872_2:38:17,name 'connection' is not defined
2020-08-04 02:38:22.099441_2:38:22,name 'connection' is not defined
2020-08-04 02:38:27.100025_2:38:27,name 'connection' is not defined
2020-08-04 02:38:32.100610_2:38:32,name 'connection' is not defined
2020-08-04 02:38:37.101291_2:38:37,name 'connection' is not defined
2020-08-04 02:38:42.102025_2:38:42,name 'connection' is not defined
2020-08-04 02:38:47.102787_2:38:47,name 'connection' is not defined
2020-08-04 02:38:52.103913_2:38:52,name 'connection' is not defined
2020-08-04 02:38:57.104487_2:38:57,name 'connection' is not defined
2020-08-04 02:39:02.105156_2:39:2,name 'connection' is not defined
2020-08-04 02:49:58.279545_2:49:58,name 'connection' is not defined
2020-08-04 02:50:03.304012_2:50:3,name 'connection' is not defined
2020-08-04 02:50:08.306193_2:50:8,name 'connection' is not defined
2020-08-04 02:50:13.307288_2:50:13,name 'connection' is not defined
2020-08-04 02:50:18.308665_2:50:18,name 'connection' is not defined
2020-08-04 02:50:23.310489_2:50:23,name 'connection' is not defined
2020-08-04 02:50:28.312316_2:50:28,name 'connection' is not defined
2020-08-04 02:50:33.314424_2:50:33,name 'connection' is not defined
2020-08-04 02:50:38.315588_2:50:38,name 'connection' is not defined
2020-08-04 02:50:43.317227_2:50:43,name 'connection' is not defined
2020-08-04 02:50:48.319037_2:50:48,name 'connection' is not defined
2020-08-04 02:50:53.320746_2:50:53,name 'connection' is not defined
2020-08-04 02:50:58.322492_2:50:58,name 'connection' is not defined
2020-08-04 02:51:03.324560_2:51:3,name 'connection' is not defined
2020-08-04 02:51:08.328599_2:51:8,name 'connection' is not defined
2020-08-04 02:51:13.330315_2:51:13,name 'connection' is not defined
2020-08-04 02:55:27.745654_2:55:27,name 'connection' is not defined
2020-08-04 02:55:32.763185_2:55:32,name 'connection' is not defined
2020-08-04 02:55:37.763935_2:55:37,name 'connection' is not defined
2020-08-04 02:55:42.764564_2:55:42,name 'connection' is not defined
2020-08-04 02:55:47.765157_2:55:47,name 'connection' is not defined
2020-08-04 02:55:52.765768_2:55:52,name 'connection' is not defined
2020-08-04 02:55:57.766621_2:55:57,name 'connection' is not defined
2020-08-04 02:56:02.767770_2:56:2,name 'connection' is not defined
2020-08-04 02:56:07.769147_2:56:7,name 'connection' is not defined
2020-08-04 02:56:12.769813_2:56:12,name 'connection' is not defined
2020-08-04 02:56:17.770499_2:56:17,name 'connection' is not defined
2020-08-04 02:56:22.771253_2:56:22,name 'connection' is not defined
2020-08-04 02:56:27.772217_2:56:27,name 'connection' is not defined
2020-08-04 02:56:32.772939_2:56:32,name 'connection' is not defined
2020-08-04 02:56:37.773754_2:56:37,name 'connection' is not defined
2020-08-04 02:56:42.774597_2:56:42,name 'connection' is not defined
2020-08-04 02:56:47.775292_2:56:47,name 'connection' is not defined
2020-08-04 02:56:52.776032_2:56:52,name 'connection' is not defined
2020-08-04 02:56:57.776887_2:56:57,name 'connection' is not defined
2020-08-04 02:57:02.777505_2:57:2,name 'connection' is not defined
2020-08-04 02:57:07.778175_2:57:7,name 'connection' is not defined
2020-08-04 02:57:12.779433_2:57:12,name 'connection' is not defined
2020-08-04 02:57:17.780340_2:57:17,name 'connection' is not defined
2020-08-04 02:57:22.781272_2:57:22,name 'connection' is not defined
2020-08-04 02:57:27.782181_2:57:27,name 'connection' is not defined
2020-08-04 02:57:32.782831_2:57:32,name 'connection' is not defined
2020-08-04 02:57:37.783458_2:57:37,name 'connection' is not defined
2020-08-04 02:57:42.784074_2:57:42,name 'connection' is not defined
2020-08-04 02:57:47.784682_2:57:47,name 'connection' is not defined
2020-08-04 02:57:52.785380_2:57:52,name 'connection' is not defined
2020-08-04 02:57:57.786130_2:57:57,name 'connection' is not defined
2020-08-04 02:58:02.786809_2:58:2,name 'connection' is not defined
2020-08-04 02:58:07.787686_2:58:7,name 'connection' is not defined
2020-08-04 02:58:12.788739_2:58:12,name 'connection' is not defined
2020-08-04 17:43:40.004349_17:43:40,name 'related_terms' is not defined
2020-08-04 17:43:41.476636_17:43:41,name 'related_terms' is not defined
2020-08-04 17:43:42.838472_17:43:42,index -1 is out of bounds for axis 0 with size 0
2020-08-04 17:43:42.902341_17:43:42,index -1 is out of bounds for axis 0 with size 0
2020-08-04 17:43:47.775218_17:43:47,name 'related_terms' is not defined
2020-08-04 17:43:48.484061_17:43:48,index -1 is out of bounds for axis 0 with size 0
2020-08-04 17:44:20.471849_17:44:20,name 'related_terms' is not defined
2020-08-04 17:44:21.280422_17:44:21,index -1 is out of bounds for axis 0 with size 0
2020-08-04 17:44:33.448249_17:44:33,name 'related_terms' is not defined
2020-08-04 17:44:33.835715_17:44:33,index -1 is out of bounds for axis 0 with size 0
2020-08-04 17:44:36.135530_17:44:36,name 'related_terms' is not defined
2020-08-04 17:44:36.299190_17:44:36,index -1 is out of bounds for axis 0 with size 0
2020-08-04 17:44:39.498372_17:44:39,name 'related_terms' is not defined
2020-08-04 17:44:39.728166_17:44:39,index -1 is out of bounds for axis 0 with size 0
2020-08-04 17:47:28.580859_17:47:28,name 'related_terms' is not defined
2020-08-04 17:47:29.240154_17:47:29,index -1 is out of bounds for axis 0 with size 0
2020-08-04 17:47:47.472402_17:47:47,name 'related_terms' is not defined
2020-08-04 17:47:48.212662_17:47:48,index -1 is out of bounds for axis 0 with size 0
2020-08-04 17:47:53.670550_17:47:53,index -1 is out of bounds for axis 0 with size 0
2020-08-04 17:48:06.070391_17:48:6,index -1 is out of bounds for axis 0 with size 0
2020-08-04 17:53:36.743310_17:53:36,name 'related_terms' is not defined
2020-08-04 17:53:38.505733_17:53:38,index -1 is out of bounds for axis 0 with size 0
2020-08-04 17:54:15.369795_17:54:15,name 'related_terms' is not defined
2020-08-04 17:54:16.300435_17:54:16,index -1 is out of bounds for axis 0 with size 0
2020-08-04 17:56:09.329367_17:56:9,name 'related_terms' is not defined
2020-08-04 17:56:10.165372_17:56:10,name 'related_terms' is not defined
2020-08-04 17:56:11.342130_17:56:11,index -1 is out of bounds for axis 0 with size 0
2020-08-04 17:56:11.558179_17:56:11,index -1 is out of bounds for axis 0 with size 0
2020-08-04 17:56:13.430104_17:56:13,name 'related_terms' is not defined
2020-08-04 17:56:14.430077_17:56:14,index -1 is out of bounds for axis 0 with size 0
2020-08-04 17:58:08.205112_17:58:8,name 'related_terms' is not defined
2020-08-04 17:58:12.178654_17:58:12,name 'related_terms' is not defined
2020-08-04 17:58:25.470175_17:58:25,index -1 is out of bounds for axis 0 with size 0
2020-08-04 17:58:25.500541_17:58:25,index -1 is out of bounds for axis 0 with size 0
2020-08-04 17:58:42.761143_17:58:42,name 'related_terms' is not defined
2020-08-04 17:58:43.002786_17:58:43,index -1 is out of bounds for axis 0 with size 0
2020-08-04 17:59:34.970935_17:59:34,name 'related_terms' is not defined
2020-08-04 17:59:35.060226_17:59:35,name 'related_terms' is not defined
2020-08-04 17:59:36.866630_17:59:36,Recursive use of cursors not allowed.
2020-08-04 17:59:36.932814_17:59:36,index -1 is out of bounds for axis 0 with size 0
2020-08-04 17:59:37.288079_17:59:37,index -1 is out of bounds for axis 0 with size 0
2020-08-04 17:59:37.513060_17:59:37,name 'related_terms' is not defined
2020-08-04 17:59:38.168796_17:59:38,index -1 is out of bounds for axis 0 with size 0
2020-08-04 17:59:39.701260_17:59:39,name 'related_terms' is not defined
2020-08-04 17:59:40.631606_17:59:40,index -1 is out of bounds for axis 0 with size 0
2020-08-04 17:59:56.303272_17:59:56,name 'related_terms' is not defined
2020-08-04 17:59:57.665685_17:59:57,name 'related_terms' is not defined
2020-08-04 17:59:58.481630_17:59:58,index -1 is out of bounds for axis 0 with size 0
2020-08-04 17:59:59.107866_17:59:59,index -1 is out of bounds for axis 0 with size 0
2020-08-04 18:00:27.113959_18:0:27,name 'related_terms' is not defined
2020-08-04 18:00:27.340673_18:0:27,index -1 is out of bounds for axis 0 with size 0
2020-08-04 18:00:33.373624_18:0:33,name 'related_terms' is not defined
2020-08-04 18:00:33.705945_18:0:33,index -1 is out of bounds for axis 0 with size 0
2020-08-04 18:00:37.252287_18:0:37,name 'related_terms' is not defined
2020-08-04 18:00:37.466334_18:0:37,index -1 is out of bounds for axis 0 with size 0
2020-08-04 18:00:42.581356_18:0:42,name 'related_terms' is not defined
2020-08-04 18:00:42.746265_18:0:42,index -1 is out of bounds for axis 0 with size 0
2020-08-04 18:00:59.197317_18:0:59,index -1 is out of bounds for axis 0 with size 0
2020-08-04 18:00:59.594538_18:0:59,name 'related_terms' is not defined
2020-08-04 18:00:59.791320_18:0:59,index -1 is out of bounds for axis 0 with size 0
2020-08-04 18:02:54.159139_18:2:54,name 'related_terms' is not defined
2020-08-04 18:02:54.377923_18:2:54,integer division or modulo by zero
2020-08-04 18:02:54.607305_18:2:54,name 'related_terms' is not defined
2020-08-04 18:02:55.114988_18:2:55,Recursive use of cursors not allowed.
2020-08-04 18:02:55.137424_18:2:55,index -1 is out of bounds for axis 0 with size 0
2020-08-04 18:02:55.213644_18:2:55,index -1 is out of bounds for axis 0 with size 0
2020-08-04 18:03:04.472797_18:3:4,name 'related_terms' is not defined
2020-08-04 18:03:04.518381_18:3:4,integer division or modulo by zero
2020-08-04 18:03:04.728681_18:3:4,index -1 is out of bounds for axis 0 with size 0
2020-08-04 18:03:19.124264_18:3:19,integer division or modulo by zero
2020-08-04 18:03:19.421787_18:3:19,name 'related_terms' is not defined
2020-08-04 18:03:19.849135_18:3:19,index -1 is out of bounds for axis 0 with size 0
2020-08-04 18:03:19.901592_18:3:19,index -1 is out of bounds for axis 0 with size 0
2020-08-04 18:03:19.997592_18:3:19,name 'related_terms' is not defined
2020-08-04 18:03:20.246239_18:3:20,index -1 is out of bounds for axis 0 with size 0
2020-08-05 17:28:36.023615_17:28:36,no such table: misc
2020-08-05 17:28:37.741837_17:28:37,Execution failed on sql 'SELECT sentiment.* FROM sentiment_fts fts LEFT JOIN sentiment ON fts.rowid = sentiment.id WHERE fts.sentiment_fts MATCH ? ORDER BY fts.rowid DESC LIMIT 1000': no such table: sentiment_fts
2020-08-05 17:28:37.741896_17:28:37,Execution failed on sql 'SELECT sentiment.* FROM sentiment_fts fts LEFT JOIN sentiment ON fts.rowid = sentiment.id WHERE fts.sentiment_fts MATCH ? ORDER BY fts.rowid DESC LIMIT 10000': no such table: sentiment_fts
2020-08-05 17:28:57.812549_17:28:57,Execution failed on sql 'SELECT sentiment.* FROM sentiment_fts fts LEFT JOIN sentiment ON fts.rowid = sentiment.id WHERE fts.sentiment_fts MATCH ? ORDER BY fts.rowid DESC LIMIT 1000': no such table: sentiment_fts
2020-08-05 17:28:57.818116_17:28:57,Execution failed on sql 'SELECT sentiment.* FROM sentiment_fts fts LEFT JOIN sentiment ON fts.rowid = sentiment.id WHERE fts.sentiment_fts MATCH ? ORDER BY fts.rowid DESC LIMIT 10000': no such table: sentiment_fts
2020-08-05 17:28:57.828406_17:28:57,no such table: misc
2020-08-05 17:28:59.568463_17:28:59,Execution failed on sql 'SELECT sentiment.* FROM sentiment_fts fts LEFT JOIN sentiment ON fts.rowid = sentiment.id WHERE fts.sentiment_fts MATCH ? ORDER BY fts.rowid DESC LIMIT 1000': no such table: sentiment_fts
2020-08-05 17:28:59.574798_17:28:59,Execution failed on sql 'SELECT sentiment.* FROM sentiment_fts fts LEFT JOIN sentiment ON fts.rowid = sentiment.id WHERE fts.sentiment_fts MATCH ? ORDER BY fts.rowid DESC LIMIT 10000': no such table: sentiment_fts
2020-08-05 17:28:59.580349_17:28:59,no such table: misc
2020-08-05 17:29:01.577095_17:29:1,Execution failed on sql 'SELECT sentiment.* FROM sentiment_fts fts LEFT JOIN sentiment ON fts.rowid = sentiment.id WHERE fts.sentiment_fts MATCH ? ORDER BY fts.rowid DESC LIMIT 1000': no such table: sentiment_fts
2020-08-05 17:29:01.585364_17:29:1,Execution failed on sql 'SELECT sentiment.* FROM sentiment_fts fts LEFT JOIN sentiment ON fts.rowid = sentiment.id WHERE fts.sentiment_fts MATCH ? ORDER BY fts.rowid DESC LIMIT 10000': no such table: sentiment_fts
2020-08-05 17:29:01.586776_17:29:1,no such table: misc
2020-08-05 17:29:03.571867_17:29:3,Execution failed on sql 'SELECT sentiment.* FROM sentiment_fts fts LEFT JOIN sentiment ON fts.rowid = sentiment.id WHERE fts.sentiment_fts MATCH ? ORDER BY fts.rowid DESC LIMIT 1000': no such table: sentiment_fts
2020-08-05 17:29:03.580949_17:29:3,Execution failed on sql 'SELECT sentiment.* FROM sentiment_fts fts LEFT JOIN sentiment ON fts.rowid = sentiment.id WHERE fts.sentiment_fts MATCH ? ORDER BY fts.rowid DESC LIMIT 10000': no such table: sentiment_fts
2020-08-05 17:29:03.585191_17:29:3,no such table: misc
2020-08-05 17:29:05.603433_17:29:5,Execution failed on sql 'SELECT sentiment.* FROM sentiment_fts fts LEFT JOIN sentiment ON fts.rowid = sentiment.id WHERE fts.sentiment_fts MATCH ? ORDER BY fts.rowid DESC LIMIT 1000': no such table: sentiment_fts
2020-08-05 17:29:05.609744_17:29:5,Execution failed on sql 'SELECT sentiment.* FROM sentiment_fts fts LEFT JOIN sentiment ON fts.rowid = sentiment.id WHERE fts.sentiment_fts MATCH ? ORDER BY fts.rowid DESC LIMIT 10000': no such table: sentiment_fts
2020-08-05 17:29:05.618100_17:29:5,no such table: misc
2020-08-05 18:55:23.706021_18:55:23,name 'related_terms' is not defined
2020-08-05 18:57:12.668700_18:57:12,name 'related_terms' is not defined
2020-08-05 19:03:59.306894_19:3:59,name 'related_terms' is not defined
2020-08-05 19:08:28.550498_19:8:28,name 'related_terms' is not defined
2020-08-05 19:43:20.027261_19:43:20,name 'related_terms' is not defined
2020-08-05 19:43:20.892180_19:43:20,Recursive use of cursors not allowed.
2020-08-05 19:43:45.701220_19:43:45,name 'related_terms' is not defined
2020-08-05 19:43:47.645903_19:43:47,name 'related_terms' is not defined
2020-08-05 19:43:56.175015_19:43:56,name 'related_terms' is not defined
2020-08-05 19:44:01.620081_19:44:1,name 'related_terms' is not defined
2020-08-05 19:44:06.194503_19:44:6,name 'related_terms' is not defined
2020-08-05 19:56:08.799918_19:56:8,name 'related_terms' is not defined
2020-08-05 19:56:13.892552_19:56:13,name 'related_terms' is not defined
2020-08-05 19:56:37.954450_19:56:37,name 'related_terms' is not defined
2020-08-05 20:02:40.597288_20:2:40,name 'related_terms' is not defined
2020-08-05 20:02:50.674653_20:2:50,name 'related_terms' is not defined
2020-08-05 20:03:51.358210_20:3:51,name 'related_terms' is not defined
2020-08-05 20:05:34.259824_20:5:34,name 'related_terms' is not defined
2020-08-05 20:09:07.246529_20:9:7,name 'related_terms' is not defined
2020-08-05 20:09:51.412815_20:9:51,name 'related_terms' is not defined
2020-08-05 20:10:57.420824_20:10:57,name 'related_terms' is not defined
2020-08-05 20:11:12.362598_20:11:12,name 'related_terms' is not defined
2020-08-05 20:13:12.669069_20:13:12,name 'related_terms' is not defined
2020-08-05 20:15:09.576608_20:15:9,name 'related_terms' is not defined
2020-08-05 20:20:06.566188_20:20:6,name 'related_terms' is not defined
2020-08-05 20:20:39.591731_20:20:39,name 'related_terms' is not defined
2020-08-05 20:21:19.225392_20:21:19,name 'related_terms' is not defined
2020-08-05 20:23:45.546884_20:23:45,name 'related_terms' is not defined
2020-08-05 20:24:05.856721_20:24:5,name 'related_terms' is not defined
2020-08-05 20:24:09.828903_20:24:9,name 'related_terms' is not defined
2020-08-05 20:24:19.953871_20:24:19,name 'related_terms' is not defined
2020-08-05 20:24:34.213775_20:24:34,name 'related_terms' is not defined
2020-08-05 20:24:54.183356_20:24:54,name 'related_terms' is not defined
2020-08-05 20:25:02.702345_20:25:2,name 'related_terms' is not defined
2020-08-05 20:25:09.549962_20:25:9,name 'related_terms' is not defined
2020-08-05 20:25:52.328645_20:25:52,name 'related_terms' is not defined
2020-08-05 20:25:54.958603_20:25:54,name 'related_terms' is not defined
2020-08-05 20:26:05.067096_20:26:5,name 'related_terms' is not defined
2020-08-05 20:26:51.579640_20:26:51,name 'related_terms' is not defined
2020-08-05 20:27:18.844450_20:27:18,name 'related_terms' is not defined
2020-08-05 20:27:28.942533_20:27:28,name 'related_terms' is not defined
2020-08-05 20:28:12.573491_20:28:12,name 'related_terms' is not defined
2020-08-05 20:29:09.571406_20:29:9,name 'related_terms' is not defined
2020-08-05 20:29:31.556583_20:29:31,name 'related_terms' is not defined
2020-08-05 20:35:01.292563_20:35:1,name 'related_terms' is not defined
2020-08-05 20:35:01.894201_20:35:1,Recursive use of cursors not allowed.
2020-08-05 20:35:08.559055_20:35:8,name 'related_terms' is not defined
2020-08-05 20:35:35.215452_20:35:35,name 'related_terms' is not defined
2020-08-05 20:35:36.052681_20:35:36,Recursive use of cursors not allowed.
2020-08-05 20:35:50.479912_20:35:50,name 'related_terms' is not defined
2020-08-05 20:40:08.222967_20:40:8,name 'related_terms' is not defined
2020-08-05 20:41:02.180171_20:41:2,name 'related_terms' is not defined
2020-08-05 20:41:48.047609_20:41:48,name 'related_terms' is not defined
2020-08-05 20:41:48.875849_20:41:48,Recursive use of cursors not allowed.
2020-08-05 20:41:49.038642_20:41:49,name 'related_terms' is not defined
2020-08-05 20:43:53.213806_20:43:53,name 'related_terms' is not defined
2020-08-05 20:44:52.677203_20:44:52,name 'related_terms' is not defined
2020-08-05 20:44:53.430957_20:44:53,Recursive use of cursors not allowed.
2020-08-05 20:45:03.124465_20:45:3,name 'related_terms' is not defined
2020-08-05 20:45:11.976753_20:45:11,Recursive use of cursors not allowed.
2020-08-05 20:45:11.978760_20:45:11,name 'related_terms' is not defined
2020-08-05 20:45:18.836996_20:45:18,name 'related_terms' is not defined
2020-08-05 20:47:16.327666_20:47:16,name 'related_terms' is not defined
2020-08-05 20:47:23.928762_20:47:23,Recursive use of cursors not allowed.
2020-08-05 20:47:26.449894_20:47:26,name 'related_terms' is not defined
2020-08-05 20:49:54.884082_20:49:54,name 'related_terms' is not defined
2020-08-05 20:56:16.830758_20:56:16,name 'related_terms' is not defined
2020-08-05 20:56:32.793434_20:56:32,name 'related_terms' is not defined
2020-08-05 20:57:08.837968_20:57:8,name 'related_terms' is not defined
2020-08-05 20:57:59.953221_20:57:59,name 'related_terms' is not defined
2020-08-05 20:58:33.739711_20:58:33,name 'related_terms' is not defined
2020-08-05 20:58:43.865809_20:58:43,name 'related_terms' is not defined
2020-08-05 20:58:45.478299_20:58:45,name 'related_terms' is not defined
2020-08-05 20:58:59.027779_20:58:59,name 'related_terms' is not defined
2020-08-05 21:00:33.302937_21:0:33,name 'related_terms' is not defined
2020-08-05 21:00:42.707952_21:0:42,name 'related_terms' is not defined
2020-08-05 21:00:43.799055_21:0:43,name 'related_terms' is not defined
2020-08-05 21:00:49.022139_21:0:49,name 'related_terms' is not defined
2020-08-05 21:00:59.055571_21:0:59,name 'related_terms' is not defined
2020-08-05 21:01:01.305091_21:1:1,name 'related_terms' is not defined
2020-08-05 21:01:04.126324_21:1:4,name 'related_terms' is not defined
2020-08-05 21:01:23.200261_21:1:23,name 'related_terms' is not defined
2020-08-05 21:01:28.303495_21:1:28,name 'related_terms' is not defined
2020-08-05 21:01:34.663953_21:1:34,name 'related_terms' is not defined
2020-08-05 21:01:37.204477_21:1:37,Recursive use of cursors not allowed.
2020-08-05 21:01:37.209725_21:1:37,name 'related_terms' is not defined
2020-08-05 21:01:41.483838_21:1:41,name 'related_terms' is not defined
2020-08-05 21:01:49.389254_21:1:49,name 'related_terms' is not defined
2020-08-05 21:01:55.123327_21:1:55,name 'related_terms' is not defined
2020-08-05 21:01:56.194081_21:1:56,name 'related_terms' is not defined
2020-08-05 21:04:41.885512_21:4:41,Recursive use of cursors not allowed.
2020-08-05 21:09:47.152700_21:9:47,Recursive use of cursors not allowed.
2020-08-05 21:10:54.003000_21:10:54,Recursive use of cursors not allowed.
2020-08-05 21:20:44.122467_21:20:44,Recursive use of cursors not allowed.
2020-08-05 21:21:25.967064_21:21:25,Recursive use of cursors not allowed.
2020-08-05 21:21:40.857506_21:21:40,Recursive use of cursors not allowed.
2020-08-05 21:21:54.859838_21:21:54,Recursive use of cursors not allowed.
2020-08-05 23:01:47.731421_23:1:47,Recursive use of cursors not allowed.
2020-08-05 23:02:07.098387_23:2:7,Recursive use of cursors not allowed.
2020-08-05 23:02:28.604481_23:2:28,Recursive use of cursors not allowed.
2020-08-05 23:16:54.564832_23:16:54,Recursive use of cursors not allowed.
2020-08-05 23:17:13.230691_23:17:13,Recursive use of cursors not allowed.
2020-08-06 00:11:59.009908_0:11:59,Recursive use of cursors not allowed.
2020-08-06 00:13:42.793876_0:13:42,Recursive use of cursors not allowed.
2020-08-06 00:31:55.274185_0:31:55,Recursive use of cursors not allowed.
2020-08-06 00:56:18.776466_0:56:18,Recursive use of cursors not allowed.
2020-08-06 01:02:58.846976_1:2:58,Recursive use of cursors not allowed.
2020-08-06 01:14:13.702542_1:14:13,Recursive use of cursors not allowed.
2020-08-06 01:14:19.038625_1:14:19,Recursive use of cursors not allowed.
2020-08-06 01:14:26.323147_1:14:26,Recursive use of cursors not allowed.
2020-08-06 01:15:22.052766_1:15:22,Recursive use of cursors not allowed.
2020-08-06 01:15:25.278988_1:15:25,Recursive use of cursors not allowed.
2020-08-06 01:17:05.570885_1:17:5,Recursive use of cursors not allowed.
2020-08-06 01:19:01.082052_1:19:1,Recursive use of cursors not allowed.
2020-08-06 01:24:00.636513_1:24:0,Recursive use of cursors not allowed.
2020-08-06 01:24:16.443822_1:24:16,Recursive use of cursors not allowed.
2020-08-06 01:24:27.482432_1:24:27,Recursive use of cursors not allowed.
2020-08-06 01:24:35.711531_1:24:35,Recursive use of cursors not allowed.
2020-08-06 01:24:37.038287_1:24:37,Recursive use of cursors not allowed.
2020-08-06 01:25:16.756743_1:25:16,Recursive use of cursors not allowed.
2020-08-06 13:55:19.906011_13:55:19,Recursive use of cursors not allowed.
2020-08-06 14:11:24.181046_14:11:24,Recursive use of cursors not allowed.
2020-08-06 15:00:08.987330_15:0:8,Recursive use of cursors not allowed.
2020-08-06 16:30:38.463781_16:30:38,Recursive use of cursors not allowed.
2020-08-06 19:45:09.094841_19:45:9,Recursive use of cursors not allowed.
2020-08-07 00:25:03.574130_0:25:3,Recursive use of cursors not allowed.
2020-08-07 10:43:41.700149_10:43:41,"Execution failed on sql 'SELECT sentiment.* FROM sentiment_fts fts LEFT JOIN sentiment ON fts.rowid = sentiment.id WHERE fts.sentiment_fts MATCH ? LIKE ORDER BY fts.rowid DESC LIMIT 1000': near ""ORDER"": syntax error"
2020-08-07 10:43:41.700766_10:43:41,"Execution failed on sql 'SELECT sentiment.* FROM sentiment_fts fts LEFT JOIN sentiment ON fts.rowid = sentiment.id WHERE fts.sentiment_fts MATCH ? LIKE ORDER BY fts.rowid DESC LIMIT 1000': near ""ORDER"": syntax error"
2020-08-07 10:43:41.700481_10:43:41,"Execution failed on sql 'SELECT sentiment.* FROM sentiment_fts fts LEFT JOIN sentiment ON fts.rowid = sentiment.id WHERE fts.sentiment_fts MATCH ? LIKE ORDER BY fts.rowid DESC LIMIT 1000': near ""ORDER"": syntax error"
2020-08-07 10:43:42.355547_10:43:42,"Execution failed on sql 'SELECT sentiment.* FROM sentiment_fts fts LEFT JOIN sentiment ON fts.rowid = sentiment.id WHERE fts.sentiment_fts MATCH ? LIKE ORDER BY fts.rowid DESC LIMIT 1000': near ""ORDER"": syntax error"
2020-08-07 10:43:42.930532_10:43:42,"Execution failed on sql 'SELECT sentiment.* FROM sentiment_fts fts LEFT JOIN sentiment ON fts.rowid = sentiment.id WHERE fts.sentiment_fts MATCH ? LIKE ORDER BY fts.rowid DESC LIMIT 1000': near ""ORDER"": syntax error"
2020-08-07 10:43:43.107476_10:43:43,"Execution failed on sql 'SELECT sentiment.* FROM sentiment_fts fts LEFT JOIN sentiment ON fts.rowid = sentiment.id WHERE fts.sentiment_fts MATCH ? LIKE ORDER BY fts.rowid DESC LIMIT 1000': near ""ORDER"": syntax error"
2020-08-07 10:43:43.895392_10:43:43,"Execution failed on sql 'SELECT sentiment.* FROM sentiment_fts fts LEFT JOIN sentiment ON fts.rowid = sentiment.id WHERE fts.sentiment_fts MATCH ? LIKE ORDER BY fts.rowid DESC LIMIT 1000': near ""ORDER"": syntax error"
2020-08-07 10:43:44.891961_10:43:44,"Execution failed on sql 'SELECT sentiment.* FROM sentiment_fts fts LEFT JOIN sentiment ON fts.rowid = sentiment.id WHERE fts.sentiment_fts MATCH ? LIKE ORDER BY fts.rowid DESC LIMIT 1000': near ""ORDER"": syntax error"
2020-08-07 10:43:45.894775_10:43:45,"Execution failed on sql 'SELECT sentiment.* FROM sentiment_fts fts LEFT JOIN sentiment ON fts.rowid = sentiment.id WHERE fts.sentiment_fts MATCH ? LIKE ORDER BY fts.rowid DESC LIMIT 1000': near ""ORDER"": syntax error"
2020-08-07 10:43:46.893854_10:43:46,"Execution failed on sql 'SELECT sentiment.* FROM sentiment_fts fts LEFT JOIN sentiment ON fts.rowid = sentiment.id WHERE fts.sentiment_fts MATCH ? LIKE ORDER BY fts.rowid DESC LIMIT 1000': near ""ORDER"": syntax error"
2020-08-07 10:43:47.412643_10:43:47,"Execution failed on sql 'SELECT sentiment.* FROM sentiment_fts fts LEFT JOIN sentiment ON fts.rowid = sentiment.id WHERE fts.sentiment_fts MATCH ? LIKE ORDER BY fts.rowid DESC LIMIT 1000': near ""ORDER"": syntax error"
2020-08-07 10:43:47.888279_10:43:47,"Execution failed on sql 'SELECT sentiment.* FROM sentiment_fts fts LEFT JOIN sentiment ON fts.rowid = sentiment.id WHERE fts.sentiment_fts MATCH ? LIKE ORDER BY fts.rowid DESC LIMIT 1000': near ""ORDER"": syntax error"
2020-08-07 10:43:48.895569_10:43:48,"Execution failed on sql 'SELECT sentiment.* FROM sentiment_fts fts LEFT JOIN sentiment ON fts.rowid = sentiment.id WHERE fts.sentiment_fts MATCH ? LIKE ORDER BY fts.rowid DESC LIMIT 1000': near ""ORDER"": syntax error"
2020-08-07 10:43:49.893060_10:43:49,"Execution failed on sql 'SELECT sentiment.* FROM sentiment_fts fts LEFT JOIN sentiment ON fts.rowid = sentiment.id WHERE fts.sentiment_fts MATCH ? LIKE ORDER BY fts.rowid DESC LIMIT 1000': near ""ORDER"": syntax error"
2020-08-07 10:43:50.889840_10:43:50,"Execution failed on sql 'SELECT sentiment.* FROM sentiment_fts fts LEFT JOIN sentiment ON fts.rowid = sentiment.id WHERE fts.sentiment_fts MATCH ? LIKE ORDER BY fts.rowid DESC LIMIT 1000': near ""ORDER"": syntax error"
2020-08-07 10:43:51.895683_10:43:51,"Execution failed on sql 'SELECT sentiment.* FROM sentiment_fts fts LEFT JOIN sentiment ON fts.rowid = sentiment.id WHERE fts.sentiment_fts MATCH ? LIKE ORDER BY fts.rowid DESC LIMIT 1000': near ""ORDER"": syntax error"
2020-08-07 10:43:52.897094_10:43:52,"Execution failed on sql 'SELECT sentiment.* FROM sentiment_fts fts LEFT JOIN sentiment ON fts.rowid = sentiment.id WHERE fts.sentiment_fts MATCH ? LIKE ORDER BY fts.rowid DESC LIMIT 1000': near ""ORDER"": syntax error"
2020-08-07 10:43:53.893684_10:43:53,"Execution failed on sql 'SELECT sentiment.* FROM sentiment_fts fts LEFT JOIN sentiment ON fts.rowid = sentiment.id WHERE fts.sentiment_fts MATCH ? LIKE ORDER BY fts.rowid DESC LIMIT 1000': near ""ORDER"": syntax error"
2020-08-07 10:43:54.894762_10:43:54,"Execution failed on sql 'SELECT sentiment.* FROM sentiment_fts fts LEFT JOIN sentiment ON fts.rowid = sentiment.id WHERE fts.sentiment_fts MATCH ? LIKE ORDER BY fts.rowid DESC LIMIT 1000': near ""ORDER"": syntax error"
2020-08-07 10:43:55.893042_10:43:55,"Execution failed on sql 'SELECT sentiment.* FROM sentiment_fts fts LEFT JOIN sentiment ON fts.rowid = sentiment.id WHERE fts.sentiment_fts MATCH ? LIKE ORDER BY fts.rowid DESC LIMIT 1000': near ""ORDER"": syntax error"
2020-08-07 10:43:56.894942_10:43:56,"Execution failed on sql 'SELECT sentiment.* FROM sentiment_fts fts LEFT JOIN sentiment ON fts.rowid = sentiment.id WHERE fts.sentiment_fts MATCH ? LIKE ORDER BY fts.rowid DESC LIMIT 1000': near ""ORDER"": syntax error"
2020-08-07 10:43:57.896180_10:43:57,"Execution failed on sql 'SELECT sentiment.* FROM sentiment_fts fts LEFT JOIN sentiment ON fts.rowid = sentiment.id WHERE fts.sentiment_fts MATCH ? LIKE ORDER BY fts.rowid DESC LIMIT 1000': near ""ORDER"": syntax error"
2020-08-07 10:43:59.517129_10:43:59,"Execution failed on sql 'SELECT sentiment.* FROM sentiment_fts fts LEFT JOIN sentiment ON fts.rowid = sentiment.id WHERE fts.sentiment_fts MATCH ? LIKE ORDER BY fts.rowid DESC LIMIT 1000': near ""ORDER"": syntax error"
2020-08-07 10:45:02.883425_10:45:2,Execution failed on sql 'SELECT sentiment.* FROM sentiment_fts fts LEFT JOIN sentiment ON fts.rowid = sentiment.id WHERE fts.sentiment_fts MATCH ? LIKE ORDER BY fts.rowid DESC LIMIT 1000': unknown error
2020-08-07 10:45:02.881062_10:45:2,"Execution failed on sql 'SELECT sentiment.* FROM sentiment_fts fts LEFT JOIN sentiment ON fts.rowid = sentiment.id WHERE fts.sentiment_fts MATCH ? LIKE ORDER BY fts.rowid DESC LIMIT 1000': near ""ORDER"": syntax error"
2020-08-07 10:45:03.757763_10:45:3,"Execution failed on sql 'SELECT sentiment.* FROM sentiment_fts fts LEFT JOIN sentiment ON fts.rowid = sentiment.id WHERE fts.sentiment_fts MATCH ? LIKE ORDER BY fts.rowid DESC LIMIT 1000': near ""ORDER"": syntax error"
2020-08-07 10:45:04.565696_10:45:4,"Execution failed on sql 'SELECT sentiment.* FROM sentiment_fts fts LEFT JOIN sentiment ON fts.rowid = sentiment.id WHERE fts.sentiment_fts MATCH ? LIKE ORDER BY fts.rowid DESC LIMIT 1000': near ""ORDER"": syntax error"
2020-08-07 10:45:04.849197_10:45:4,"Execution failed on sql 'SELECT sentiment.* FROM sentiment_fts fts LEFT JOIN sentiment ON fts.rowid = sentiment.id WHERE fts.sentiment_fts MATCH ? LIKE ORDER BY fts.rowid DESC LIMIT 1000': near ""ORDER"": syntax error"
2020-08-07 10:45:05.675171_10:45:5,"Execution failed on sql 'SELECT sentiment.* FROM sentiment_fts fts LEFT JOIN sentiment ON fts.rowid = sentiment.id WHERE fts.sentiment_fts MATCH ? LIKE ORDER BY fts.rowid DESC LIMIT 1000': near ""ORDER"": syntax error"
2020-08-07 10:45:06.730289_10:45:6,"Execution failed on sql 'SELECT sentiment.* FROM sentiment_fts fts LEFT JOIN sentiment ON fts.rowid = sentiment.id WHERE fts.sentiment_fts MATCH ? LIKE ORDER BY fts.rowid DESC LIMIT 1000': near ""ORDER"": syntax error"
2020-08-07 10:45:07.700009_10:45:7,"Execution failed on sql 'SELECT sentiment.* FROM sentiment_fts fts LEFT JOIN sentiment ON fts.rowid = sentiment.id WHERE fts.sentiment_fts MATCH ? LIKE ORDER BY fts.rowid DESC LIMIT 1000': near ""ORDER"": syntax error"
2020-08-07 10:45:08.682182_10:45:8,"Execution failed on sql 'SELECT sentiment.* FROM sentiment_fts fts LEFT JOIN sentiment ON fts.rowid = sentiment.id WHERE fts.sentiment_fts MATCH ? LIKE ORDER BY fts.rowid DESC LIMIT 1000': near ""ORDER"": syntax error"
2020-08-07 10:45:09.678475_10:45:9,"Execution failed on sql 'SELECT sentiment.* FROM sentiment_fts fts LEFT JOIN sentiment ON fts.rowid = sentiment.id WHERE fts.sentiment_fts MATCH ? LIKE ORDER BY fts.rowid DESC LIMIT 1000': near ""ORDER"": syntax error"
2020-08-07 10:45:10.687649_10:45:10,"Execution failed on sql 'SELECT sentiment.* FROM sentiment_fts fts LEFT JOIN sentiment ON fts.rowid = sentiment.id WHERE fts.sentiment_fts MATCH ? LIKE ORDER BY fts.rowid DESC LIMIT 1000': near ""ORDER"": syntax error"
2020-08-07 10:45:11.670044_10:45:11,"Execution failed on sql 'SELECT sentiment.* FROM sentiment_fts fts LEFT JOIN sentiment ON fts.rowid = sentiment.id WHERE fts.sentiment_fts MATCH ? LIKE ORDER BY fts.rowid DESC LIMIT 1000': near ""ORDER"": syntax error"
2020-08-07 10:45:12.910510_10:45:12,"Execution failed on sql 'SELECT sentiment.* FROM sentiment_fts fts LEFT JOIN sentiment ON fts.rowid = sentiment.id WHERE fts.sentiment_fts MATCH ? LIKE ORDER BY fts.rowid DESC LIMIT 1000': near ""ORDER"": syntax error"
2020-08-07 10:45:13.672184_10:45:13,"Execution failed on sql 'SELECT sentiment.* FROM sentiment_fts fts LEFT JOIN sentiment ON fts.rowid = sentiment.id WHERE fts.sentiment_fts MATCH ? LIKE ORDER BY fts.rowid DESC LIMIT 1000': near ""ORDER"": syntax error"
2020-08-07 10:45:14.675008_10:45:14,"Execution failed on sql 'SELECT sentiment.* FROM sentiment_fts fts LEFT JOIN sentiment ON fts.rowid = sentiment.id WHERE fts.sentiment_fts MATCH ? LIKE ORDER BY fts.rowid DESC LIMIT 1000': near ""ORDER"": syntax error"
2020-08-07 10:45:15.666251_10:45:15,"Execution failed on sql 'SELECT sentiment.* FROM sentiment_fts fts LEFT JOIN sentiment ON fts.rowid = sentiment.id WHERE fts.sentiment_fts MATCH ? LIKE ORDER BY fts.rowid DESC LIMIT 1000': near ""ORDER"": syntax error"
2020-08-07 10:45:16.659530_10:45:16,"Execution failed on sql 'SELECT sentiment.* FROM sentiment_fts fts LEFT JOIN sentiment ON fts.rowid = sentiment.id WHERE fts.sentiment_fts MATCH ? LIKE ORDER BY fts.rowid DESC LIMIT 1000': near ""ORDER"": syntax error"
2020-08-07 10:45:17.664109_10:45:17,"Execution failed on sql 'SELECT sentiment.* FROM sentiment_fts fts LEFT JOIN sentiment ON fts.rowid = sentiment.id WHERE fts.sentiment_fts MATCH ? LIKE ORDER BY fts.rowid DESC LIMIT 1000': near ""ORDER"": syntax error"
2020-08-07 10:45:18.666090_10:45:18,"Execution failed on sql 'SELECT sentiment.* FROM sentiment_fts fts LEFT JOIN sentiment ON fts.rowid = sentiment.id WHERE fts.sentiment_fts MATCH ? LIKE ORDER BY fts.rowid DESC LIMIT 1000': near ""ORDER"": syntax error"
2020-08-07 10:45:19.665432_10:45:19,"Execution failed on sql 'SELECT sentiment.* FROM sentiment_fts fts LEFT JOIN sentiment ON fts.rowid = sentiment.id WHERE fts.sentiment_fts MATCH ? LIKE ORDER BY fts.rowid DESC LIMIT 1000': near ""ORDER"": syntax error"
2020-08-07 10:45:20.672826_10:45:20,"Execution failed on sql 'SELECT sentiment.* FROM sentiment_fts fts LEFT JOIN sentiment ON fts.rowid = sentiment.id WHERE fts.sentiment_fts MATCH ? LIKE ORDER BY fts.rowid DESC LIMIT 1000': near ""ORDER"": syntax error"
2020-08-07 10:45:21.661004_10:45:21,"Execution failed on sql 'SELECT sentiment.* FROM sentiment_fts fts LEFT JOIN sentiment ON fts.rowid = sentiment.id WHERE fts.sentiment_fts MATCH ? LIKE ORDER BY fts.rowid DESC LIMIT 1000': near ""ORDER"": syntax error"
2020-08-07 10:45:22.664773_10:45:22,"Execution failed on sql 'SELECT sentiment.* FROM sentiment_fts fts LEFT JOIN sentiment ON fts.rowid = sentiment.id WHERE fts.sentiment_fts MATCH ? LIKE ORDER BY fts.rowid DESC LIMIT 1000': near ""ORDER"": syntax error"
2020-08-07 10:45:23.671954_10:45:23,"Execution failed on sql 'SELECT sentiment.* FROM sentiment_fts fts LEFT JOIN sentiment ON fts.rowid = sentiment.id WHERE fts.sentiment_fts MATCH ? LIKE ORDER BY fts.rowid DESC LIMIT 1000': near ""ORDER"": syntax error"
2020-08-07 10:45:24.662965_10:45:24,"Execution failed on sql 'SELECT sentiment.* FROM sentiment_fts fts LEFT JOIN sentiment ON fts.rowid = sentiment.id WHERE fts.sentiment_fts MATCH ? LIKE ORDER BY fts.rowid DESC LIMIT 1000': near ""ORDER"": syntax error"
2020-08-07 10:45:25.664236_10:45:25,"Execution failed on sql 'SELECT sentiment.* FROM sentiment_fts fts LEFT JOIN sentiment ON fts.rowid = sentiment.id WHERE fts.sentiment_fts MATCH ? LIKE ORDER BY fts.rowid DESC LIMIT 1000': near ""ORDER"": syntax error"
2020-08-07 10:45:26.664226_10:45:26,"Execution failed on sql 'SELECT sentiment.* FROM sentiment_fts fts LEFT JOIN sentiment ON fts.rowid = sentiment.id WHERE fts.sentiment_fts MATCH ? LIKE ORDER BY fts.rowid DESC LIMIT 1000': near ""ORDER"": syntax error"
2020-08-07 10:45:27.661725_10:45:27,"Execution failed on sql 'SELECT sentiment.* FROM sentiment_fts fts LEFT JOIN sentiment ON fts.rowid = sentiment.id WHERE fts.sentiment_fts MATCH ? LIKE ORDER BY fts.rowid DESC LIMIT 1000': near ""ORDER"": syntax error"
2020-08-07 10:45:28.662809_10:45:28,"Execution failed on sql 'SELECT sentiment.* FROM sentiment_fts fts LEFT JOIN sentiment ON fts.rowid = sentiment.id WHERE fts.sentiment_fts MATCH ? LIKE ORDER BY fts.rowid DESC LIMIT 1000': near ""ORDER"": syntax error"
2020-08-07 10:45:29.669796_10:45:29,"Execution failed on sql 'SELECT sentiment.* FROM sentiment_fts fts LEFT JOIN sentiment ON fts.rowid = sentiment.id WHERE fts.sentiment_fts MATCH ? LIKE ORDER BY fts.rowid DESC LIMIT 1000': near ""ORDER"": syntax error"
2020-08-07 10:45:30.661969_10:45:30,"Execution failed on sql 'SELECT sentiment.* FROM sentiment_fts fts LEFT JOIN sentiment ON fts.rowid = sentiment.id WHERE fts.sentiment_fts MATCH ? LIKE ORDER BY fts.rowid DESC LIMIT 1000': near ""ORDER"": syntax error"
2020-08-07 10:45:31.665382_10:45:31,"Execution failed on sql 'SELECT sentiment.* FROM sentiment_fts fts LEFT JOIN sentiment ON fts.rowid = sentiment.id WHERE fts.sentiment_fts MATCH ? LIKE ORDER BY fts.rowid DESC LIMIT 1000': near ""ORDER"": syntax error"
2020-08-07 10:45:32.665348_10:45:32,"Execution failed on sql 'SELECT sentiment.* FROM sentiment_fts fts LEFT JOIN sentiment ON fts.rowid = sentiment.id WHERE fts.sentiment_fts MATCH ? LIKE ORDER BY fts.rowid DESC LIMIT 1000': near ""ORDER"": syntax error"
2020-08-07 10:45:33.665782_10:45:33,"Execution failed on sql 'SELECT sentiment.* FROM sentiment_fts fts LEFT JOIN sentiment ON fts.rowid = sentiment.id WHERE fts.sentiment_fts MATCH ? LIKE ORDER BY fts.rowid DESC LIMIT 1000': near ""ORDER"": syntax error"
2020-08-07 10:45:34.672797_10:45:34,"Execution failed on sql 'SELECT sentiment.* FROM sentiment_fts fts LEFT JOIN sentiment ON fts.rowid = sentiment.id WHERE fts.sentiment_fts MATCH ? LIKE ORDER BY fts.rowid DESC LIMIT 1000': near ""ORDER"": syntax error"
2020-08-07 10:50:52.335555_10:50:52,Recursive use of cursors not allowed.
2020-08-07 11:07:30.815046_11:7:30,Recursive use of cursors not allowed.
2020-08-07 11:26:14.086976_11:26:14,Recursive use of cursors not allowed.
2020-08-07 11:26:45.995858_11:26:45,Recursive use of cursors not allowed.
2020-08-07 11:26:48.708446_11:26:48,Recursive use of cursors not allowed.
2020-08-07 11:26:52.998836_11:26:52,Recursive use of cursors not allowed.
2020-08-07 11:29:54.469431_11:29:54,Recursive use of cursors not allowed.
2020-08-07 11:31:24.906464_11:31:24,Recursive use of cursors not allowed.
2020-08-07 11:36:59.779237_11:36:59,Recursive use of cursors not allowed.
2020-08-07 11:53:00.178042_11:53:0,integer division or modulo by zero
2020-08-07 11:53:00.319835_11:53:0,integer division or modulo by zero
2020-08-07 11:53:01.177186_11:53:1,integer division or modulo by zero
2020-08-07 11:53:02.176922_11:53:2,integer division or modulo by zero
2020-08-07 11:53:03.183905_11:53:3,integer division or modulo by zero
2020-08-07 11:53:04.632231_11:53:4,integer division or modulo by zero
2020-08-07 11:53:04.882102_11:53:4,integer division or modulo by zero
2020-08-07 11:55:20.727069_11:55:20,integer division or modulo by zero
2020-08-07 11:55:20.856756_11:55:20,integer division or modulo by zero
2020-08-07 11:55:23.712122_11:55:23,integer division or modulo by zero
2020-08-07 11:55:24.718731_11:55:24,integer division or modulo by zero
2020-08-07 11:55:25.719616_11:55:25,integer division or modulo by zero
2020-08-07 11:55:26.729966_11:55:26,integer division or modulo by zero
2020-08-07 11:55:27.718015_11:55:27,integer division or modulo by zero
2020-08-07 11:55:28.718969_11:55:28,integer division or modulo by zero
2020-08-07 11:55:29.741006_11:55:29,integer division or modulo by zero
2020-08-07 11:55:32.722630_11:55:32,integer division or modulo by zero
2020-08-07 11:55:39.732050_11:55:39,integer division or modulo by zero
2020-08-07 11:55:40.725756_11:55:40,integer division or modulo by zero
2020-08-07 11:57:31.388216_11:57:31,integer division or modulo by zero
2020-08-07 11:57:31.527394_11:57:31,integer division or modulo by zero
2020-08-07 11:57:32.391451_11:57:32,integer division or modulo by zero
2020-08-07 11:57:33.387431_11:57:33,integer division or modulo by zero
2020-08-07 11:57:34.387996_11:57:34,integer division or modulo by zero
2020-08-07 11:57:40.391554_11:57:40,integer division or modulo by zero
2020-08-07 12:00:04.394497_12:0:4,integer division or modulo by zero
2020-08-07 12:01:39.421144_12:1:39,integer division or modulo by zero
2020-08-07 12:01:40.398418_12:1:40,integer division or modulo by zero
2020-08-07 12:01:41.399124_12:1:41,integer division or modulo by zero
2020-08-07 12:03:21.403952_12:3:21,integer division or modulo by zero
2020-08-07 12:03:22.426550_12:3:22,integer division or modulo by zero
2020-08-07 12:03:23.397050_12:3:23,integer division or modulo by zero
2020-08-07 12:03:24.403872_12:3:24,integer division or modulo by zero
2020-08-07 12:03:43.416218_12:3:43,integer division or modulo by zero
2020-08-07 12:03:44.418636_12:3:44,integer division or modulo by zero
2020-08-07 12:03:45.393701_12:3:45,integer division or modulo by zero
2020-08-07 12:03:46.397371_12:3:46,integer division or modulo by zero
2020-08-07 12:03:47.398224_12:3:47,integer division or modulo by zero
2020-08-07 12:04:49.403478_12:4:49,integer division or modulo by zero
2020-08-07 12:04:50.399297_12:4:50,integer division or modulo by zero
2020-08-07 12:05:24.404206_12:5:24,integer division or modulo by zero
2020-08-07 12:05:25.400190_12:5:25,integer division or modulo by zero
2020-08-07 12:05:38.398396_12:5:38,integer division or modulo by zero
2020-08-07 12:07:52.401664_12:7:52,integer division or modulo by zero
2020-08-07 12:07:53.423203_12:7:53,integer division or modulo by zero
2020-08-07 12:07:54.221470_12:7:54,integer division or modulo by zero
2020-08-07 12:07:55.462256_12:7:55,integer division or modulo by zero
2020-08-07 12:07:55.494354_12:7:55,integer division or modulo by zero
2020-08-07 12:07:55.637408_12:7:55,integer division or modulo by zero
2020-08-07 12:08:37.434393_12:8:37,integer division or modulo by zero
2020-08-07 12:08:38.454193_12:8:38,integer division or modulo by zero
2020-08-07 12:08:39.404685_12:8:39,integer division or modulo by zero
2020-08-07 12:08:40.404754_12:8:40,integer division or modulo by zero
2020-08-07 12:08:41.436485_12:8:41,integer division or modulo by zero
2020-08-07 12:08:43.610946_12:8:43,integer division or modulo by zero
2020-08-07 12:10:39.595095_12:10:39,integer division or modulo by zero
2020-08-07 12:11:27.266626_12:11:27,integer division or modulo by zero
2020-08-07 12:13:17.467732_12:13:17,integer division or modulo by zero
2020-08-07 12:13:17.755701_12:13:17,integer division or modulo by zero
2020-08-07 12:13:18.690614_12:13:18,integer division or modulo by zero
2020-08-07 12:13:19.480750_12:13:19,integer division or modulo by zero
2020-08-07 12:13:20.483496_12:13:20,integer division or modulo by zero
2020-08-07 12:17:54.623866_12:17:54,integer division or modulo by zero
2020-08-07 12:17:56.239189_12:17:56,integer division or modulo by zero
2020-08-07 12:17:56.262450_12:17:56,integer division or modulo by zero
2020-08-07 12:17:56.717848_12:17:56,integer division or modulo by zero
2020-08-07 12:19:12.187295_12:19:12,integer division or modulo by zero
2020-08-07 12:19:12.312985_12:19:12,integer division or modulo by zero
2020-08-07 12:19:12.424756_12:19:12,integer division or modulo by zero
2020-08-07 12:19:12.517444_12:19:12,integer division or modulo by zero
2020-08-07 12:19:12.637616_12:19:12,integer division or modulo by zero
2020-08-07 12:19:12.746641_12:19:12,integer division or modulo by zero
2020-08-07 12:19:12.863904_12:19:12,integer division or modulo by zero
2020-08-07 12:19:12.963293_12:19:12,integer division or modulo by zero
2020-08-07 12:19:13.077538_12:19:13,integer division or modulo by zero
2020-08-07 12:19:13.166417_12:19:13,integer division or modulo by zero
2020-08-07 12:19:26.367706_12:19:26,integer division or modulo by zero
2020-08-07 12:19:26.958163_12:19:26,integer division or modulo by zero
2020-08-07 12:19:27.365376_12:19:27,integer division or modulo by zero
2020-08-07 12:19:27.429413_12:19:27,integer division or modulo by zero
2020-08-07 12:19:27.509688_12:19:27,integer division or modulo by zero
2020-08-07 12:19:27.773128_12:19:27,integer division or modulo by zero
2020-08-07 12:19:28.098253_12:19:28,integer division or modulo by zero
2020-08-07 12:19:28.523550_12:19:28,integer division or modulo by zero
2020-08-07 12:19:30.235551_12:19:30,integer division or modulo by zero
2020-08-07 17:11:02.957826_17:11:2,Recursive use of cursors not allowed.
2020-08-07 17:26:59.368978_17:26:59,Recursive use of cursors not allowed.
2020-08-07 17:35:33.410702_17:35:33,integer division or modulo by zero
2020-08-07 17:35:33.620949_17:35:33,integer division or modulo by zero
2020-08-07 17:35:33.831415_17:35:33,integer division or modulo by zero
2020-08-07 17:35:33.927048_17:35:33,integer division or modulo by zero
2020-08-07 17:35:34.059194_17:35:34,integer division or modulo by zero
2020-08-07 17:35:34.128962_17:35:34,integer division or modulo by zero
2020-08-07 17:35:34.227209_17:35:34,integer division or modulo by zero
2020-08-07 17:35:34.321919_17:35:34,integer division or modulo by zero
2020-08-07 17:35:34.410677_17:35:34,integer division or modulo by zero
2020-08-07 17:38:46.726152_17:38:46,integer division or modulo by zero
2020-08-07 17:38:46.780076_17:38:46,integer division or modulo by zero
2020-08-07 17:38:46.951818_17:38:46,integer division or modulo by zero
2020-08-07 17:38:47.177966_17:38:47,integer division or modulo by zero
2020-08-07 17:38:47.281080_17:38:47,integer division or modulo by zero
2020-08-07 17:38:47.370909_17:38:47,integer division or modulo by zero
2020-08-07 17:38:47.493765_17:38:47,integer division or modulo by zero
2020-08-07 17:38:47.601914_17:38:47,integer division or modulo by zero
2020-08-07 17:38:47.675026_17:38:47,integer division or modulo by zero
2020-08-07 17:39:01.726164_17:39:1,integer division or modulo by zero
2020-08-07 17:39:01.811148_17:39:1,integer division or modulo by zero
2020-08-07 17:39:01.895194_17:39:1,integer division or modulo by zero
2020-08-07 17:39:02.012828_17:39:2,integer division or modulo by zero
2020-08-07 17:39:02.046136_17:39:2,integer division or modulo by zero
2020-08-07 17:39:02.112229_17:39:2,integer division or modulo by zero
2020-08-07 17:39:02.218476_17:39:2,integer division or modulo by zero
2020-08-07 17:39:47.040693_17:39:47,integer division or modulo by zero
2020-08-07 17:39:47.100880_17:39:47,integer division or modulo by zero
2020-08-07 17:39:47.325883_17:39:47,integer division or modulo by zero
2020-08-07 17:39:47.566009_17:39:47,integer division or modulo by zero
2020-08-07 17:39:47.624518_17:39:47,integer division or modulo by zero
2020-08-07 17:39:47.726553_17:39:47,integer division or modulo by zero
2020-08-07 17:39:47.823532_17:39:47,integer division or modulo by zero
2020-08-07 17:39:47.990417_17:39:47,integer division or modulo by zero
2020-08-07 17:39:48.068477_17:39:48,integer division or modulo by zero
2020-08-07 17:39:48.154924_17:39:48,integer division or modulo by zero
2020-08-07 17:39:48.225709_17:39:48,integer division or modulo by zero
2020-08-07 17:39:48.306185_17:39:48,integer division or modulo by zero
2020-08-07 17:39:48.384768_17:39:48,integer division or modulo by zero
2020-08-07 17:39:48.492252_17:39:48,integer division or modulo by zero
2020-08-07 17:39:48.627085_17:39:48,integer division or modulo by zero
2020-08-07 17:39:48.696889_17:39:48,integer division or modulo by zero
2020-08-07 17:39:48.803324_17:39:48,integer division or modulo by zero
2020-08-07 17:45:22.040774_17:45:22,integer division or modulo by zero
2020-08-07 17:45:22.157207_17:45:22,integer division or modulo by zero
2020-08-07 17:51:58.358065_17:51:58,integer division or modulo by zero
2020-08-07 17:51:58.521957_17:51:58,integer division or modulo by zero
2020-08-07 17:51:59.359379_17:51:59,integer division or modulo by zero
2020-08-07 17:53:23.204635_17:53:23,integer division or modulo by zero
2020-08-07 17:54:00.068603_17:54:0,integer division or modulo by zero
2020-08-07 17:54:00.235710_17:54:0,integer division or modulo by zero
2020-08-07 17:54:01.079203_17:54:1,integer division or modulo by zero
2020-08-07 17:54:21.068429_17:54:21,integer division or modulo by zero
2020-08-07 17:54:22.075122_17:54:22,integer division or modulo by zero
2020-08-07 17:59:01.609521_17:59:1,integer division or modulo by zero
2020-08-07 17:59:01.780389_17:59:1,integer division or modulo by zero
2020-08-07 18:00:04.617402_18:0:4,integer division or modulo by zero
2020-08-07 18:00:05.608306_18:0:5,integer division or modulo by zero
2020-08-07 18:00:10.614162_18:0:10,integer division or modulo by zero
2020-08-07 18:01:07.608138_18:1:7,integer division or modulo by zero
2020-08-07 18:01:08.616487_18:1:8,integer division or modulo by zero
2020-08-07 18:01:09.602746_18:1:9,integer division or modulo by zero
2020-08-07 18:01:27.608838_18:1:27,integer division or modulo by zero
2020-08-07 18:01:28.609052_18:1:28,integer division or modulo by zero
2020-08-07 18:01:29.615596_18:1:29,integer division or modulo by zero
2020-08-07 18:01:30.608482_18:1:30,integer division or modulo by zero
2020-08-07 18:01:31.606981_18:1:31,integer division or modulo by zero
2020-08-07 18:01:32.610012_18:1:32,integer division or modulo by zero
2020-08-07 18:01:33.618670_18:1:33,integer division or modulo by zero
2020-08-07 18:01:50.612169_18:1:50,integer division or modulo by zero
2020-08-07 18:02:14.641828_18:2:14,integer division or modulo by zero
2020-08-07 18:02:14.965367_18:2:14,integer division or modulo by zero
2020-08-07 18:03:08.606112_18:3:8,integer division or modulo by zero
2020-08-07 18:03:09.609896_18:3:9,integer division or modulo by zero
2020-08-07 18:03:27.609097_18:3:27,integer division or modulo by zero
2020-08-07 18:05:36.611324_18:5:36,integer division or modulo by zero
2020-08-07 18:05:37.604300_18:5:37,integer division or modulo by zero
2020-08-07 18:05:38.608249_18:5:38,integer division or modulo by zero
2020-08-07 18:05:42.602108_18:5:42,integer division or modulo by zero
2020-08-07 18:05:59.609198_18:5:59,integer division or modulo by zero
2020-08-07 18:06:00.605667_18:6:0,integer division or modulo by zero
2020-08-07 18:06:01.609361_18:6:1,integer division or modulo by zero
2020-08-07 18:06:05.608417_18:6:5,integer division or modulo by zero
2020-08-07 18:06:12.614022_18:6:12,integer division or modulo by zero
2020-08-07 18:06:13.603117_18:6:13,integer division or modulo by zero
2020-08-07 18:06:51.608051_18:6:51,integer division or modulo by zero
2020-08-07 18:06:52.604495_18:6:52,integer division or modulo by zero
2020-08-07 18:06:53.610111_18:6:53,integer division or modulo by zero
2020-08-07 18:07:01.620278_18:7:1,integer division or modulo by zero
2020-08-07 18:07:02.608897_18:7:2,integer division or modulo by zero
2020-08-07 18:07:03.608890_18:7:3,integer division or modulo by zero
2020-08-07 18:08:38.614010_18:8:38,integer division or modulo by zero
2020-08-07 18:09:13.610537_18:9:13,integer division or modulo by zero
2020-08-07 18:09:14.688920_18:9:14,integer division or modulo by zero
2020-08-07 18:09:14.918575_18:9:14,integer division or modulo by zero
2020-08-07 18:09:15.605385_18:9:15,integer division or modulo by zero
2020-08-07 18:09:16.604209_18:9:16,integer division or modulo by zero
2020-08-07 18:10:29.610979_18:10:29,integer division or modulo by zero
2020-08-07 18:10:29.743964_18:10:29,integer division or modulo by zero
2020-08-07 18:10:37.602712_18:10:37,integer division or modulo by zero
2020-08-07 18:10:38.617887_18:10:38,integer division or modulo by zero
2020-08-07 18:10:57.835240_18:10:57,integer division or modulo by zero
2020-08-07 18:10:57.971000_18:10:57,integer division or modulo by zero
2020-08-07 18:10:58.850479_18:10:58,integer division or modulo by zero
2020-08-07 18:11:43.356492_18:11:43,integer division or modulo by zero
2020-08-07 18:11:43.511975_18:11:43,integer division or modulo by zero
2020-08-07 18:14:25.565942_18:14:25,integer division or modulo by zero
2020-08-07 18:14:25.692272_18:14:25,integer division or modulo by zero
2020-08-07 18:14:26.571449_18:14:26,integer division or modulo by zero
2020-08-07 18:14:27.596279_18:14:27,integer division or modulo by zero
2020-08-07 18:19:23.714680_18:19:23,Recursive use of cursors not allowed.
2020-08-07 18:33:21.421649_18:33:21,index -1 is out of bounds for axis 0 with size 0
2020-08-07 18:33:21.462045_18:33:21,index -1 is out of bounds for axis 0 with size 0
2020-08-07 18:33:30.966399_18:33:30,index -1 is out of bounds for axis 0 with size 0
2020-08-07 18:33:30.992057_18:33:30,index -1 is out of bounds for axis 0 with size 0
2020-08-07 18:39:43.076208_18:39:43,index -1 is out of bounds for axis 0 with size 0
2020-08-07 18:39:43.104966_18:39:43,index -1 is out of bounds for axis 0 with size 0
2020-08-07 18:41:54.427683_18:41:54,index -1 is out of bounds for axis 0 with size 0
2020-08-07 18:41:54.474140_18:41:54,index -1 is out of bounds for axis 0 with size 0
2020-08-07 18:41:54.565373_18:41:54,index -1 is out of bounds for axis 0 with size 0
2020-08-07 18:41:54.891803_18:41:54,index -1 is out of bounds for axis 0 with size 0
2020-08-07 18:42:37.303715_18:42:37,Recursive use of cursors not allowed.
2020-08-07 18:44:22.384399_18:44:22,Recursive use of cursors not allowed.
2020-08-08 16:57:33.865932_16:57:33,Recursive use of cursors not allowed.
2020-08-08 22:26:31.900266_22:26:31,Recursive use of cursors not allowed.
2020-08-10 23:09:38.667021_23:9:38,[Errno 2] No such file or directory
2020-08-10 23:09:45.254467_23:9:45,[Errno 2] No such file or directory
2020-08-10 23:10:34.865133_23:10:34,[Errno 2] No such file or directory
2020-08-10 23:11:35.835164_23:11:35,[Errno 2] No such file or directory
2020-08-10 23:11:39.083703_23:11:39,[Errno 2] No such file or directory
2020-08-10 23:12:32.255892_23:12:32,[Errno 2] No such file or directory
2020-08-10 23:12:33.898305_23:12:33,[Errno 2] No such file or directory
2020-08-10 23:14:21.965994_23:14:21,[Errno 2] No such file or directory
2020-08-10 23:14:23.549478_23:14:23,[Errno 2] No such file or directory
2020-08-10 23:15:03.947087_23:15:3,[Errno 2] No such file or directory
2020-08-10 23:15:06.039449_23:15:6,[Errno 2] No such file or directory
2020-08-10 23:15:49.918643_23:15:49,[Errno 2] No such file or directory
2020-08-10 23:15:51.454687_23:15:51,[Errno 2] No such file or directory
2020-08-10 23:15:58.907704_23:15:58,[Errno 2] No such file or directory
2020-08-10 23:16:00.656929_23:16:0,[Errno 2] No such file or directory
2020-08-10 23:17:31.424685_23:17:31,[Errno 2] No such file or directory
2020-08-10 23:17:42.156755_23:17:42,[Errno 2] No such file or directory
2020-08-10 23:18:16.594899_23:18:16,[Errno 2] No such file or directory
2020-08-10 23:18:19.057043_23:18:19,[Errno 2] No such file or directory
2020-08-10 23:18:42.707273_23:18:42,[Errno 2] No such file or directory
2020-08-10 23:18:44.129354_23:18:44,[Errno 2] No such file or directory
2020-08-10 23:18:52.678730_23:18:52,[Errno 2] No such file or directory
2020-08-10 23:18:53.515191_23:18:53,[Errno 2] No such file or directory
2020-08-10 23:19:15.949209_23:19:15,[Errno 2] No such file or directory
2020-08-10 23:19:17.191022_23:19:17,[Errno 2] No such file or directory
2020-08-10 23:20:23.776884_23:20:23,[Errno 2] No such file or directory
2020-08-10 23:20:25.163733_23:20:25,[Errno 2] No such file or directory
2020-08-10 23:20:58.166623_23:20:58,"getsockaddrarg: AF_INET address must be tuple, not list"
2020-08-10 23:20:59.316560_23:20:59,"getsockaddrarg: AF_INET address must be tuple, not list"
2020-08-10 23:21:19.465466_23:21:19,"getsockaddrarg: AF_INET address must be tuple, not list"
2020-08-10 23:21:20.512744_23:21:20,"getsockaddrarg: AF_INET address must be tuple, not list"
2020-08-10 23:22:06.167452_23:22:6,[Errno 2] No such file or directory
2020-08-10 23:22:07.306993_23:22:7,[Errno 2] No such file or directory
2020-08-10 23:23:07.130264_23:23:7,[Errno 2] No such file or directory
2020-08-10 23:24:07.288585_23:24:7,[Errno 2] No such file or directory
2020-08-10 23:25:53.037818_23:25:53,Recursive use of cursors not allowed.
2020-08-10 23:26:44.838877_23:26:44,Recursive use of cursors not allowed.
